id,title_or_case,score_internal,before,delta,human_score,low_checks,evidence
R01:work:hook,R01,100,,,,,전문 표현 0개 · 85자 초과 0개 / 출처/계산 근거 필드 확인 / 5단 응답 흐름 / 기존 출력 가드 검사
R01:work:daily,R01,100,,,,,전문 표현 0개 · 85자 초과 0개 / 출처/계산 근거 필드 확인 / 하루의 실행 카드 / 기존 출력 가드 검사
R01:work:summary,R01,88,,,,경험 확인 장면 / 완결과 가져갈 것,노출 전문 표현 0개 · 85자 초과 문장 0개 / 핵심 결론 1개 중 접힌 근거 1개 / 답변으로 해석을 조정하는 질문 제공 / 생활 장면을 묻는 본문 1개 · 거절 반영 False / 서로 다른 행동 1개 · 언제/확인/대안 True / 실행 카드와 마무리 함께 제공 / 이야기 순서 True · 본문 2개
R01:money:hook,R01,100,,,,,전문 표현 0개 · 85자 초과 0개 / 출처/계산 근거 필드 확인 / 5단 응답 흐름 / 기존 출력 가드 검사
R01:money:daily,R01,100,,,,,전문 표현 0개 · 85자 초과 0개 / 출처/계산 근거 필드 확인 / 하루의 실행 카드 / 기존 출력 가드 검사
R01:money:summary,R01,85,,,,완결과 가져갈 것 / 읽을 순서,노출 전문 표현 0개 · 85자 초과 문장 0개 / 핵심 결론 0개 중 접힌 근거 0개 / 답변으로 해석을 조정하는 질문 제공 / 생활 장면을 묻는 본문 0개 · 거절 반영 False / 서로 다른 행동 0개 · 언제/확인/대안 True / 실행 카드와 마무리 함께 제공 / 이야기 순서 True · 본문 1개
R01:love:hook,R01,100,,,,,전문 표현 0개 · 85자 초과 0개 / 출처/계산 근거 필드 확인 / 5단 응답 흐름 / 기존 출력 가드 검사
R01:love:daily,R01,100,,,,,전문 표현 0개 · 85자 초과 0개 / 출처/계산 근거 필드 확인 / 하루의 실행 카드 / 기존 출력 가드 검사
R01:love:summary,R01,80,,,,경험 확인 장면 / 완결과 가져갈 것,노출 전문 표현 0개 · 85자 초과 문장 0개 / 핵심 결론 1개 중 접힌 근거 1개 / 답변으로 해석을 조정하는 질문 제공 / 생활 장면을 묻는 본문 0개 · 거절 반영 False / 서로 다른 행동 1개 · 언제/확인/대안 True / 실행 카드와 마무리 함께 제공 / 이야기 순서 True · 본문 2개
R01:people:hook,R01,100,,,,,전문 표현 0개 · 85자 초과 0개 / 출처/계산 근거 필드 확인 / 5단 응답 흐름 / 기존 출력 가드 검사
R01:people:daily,R01,100,,,,,전문 표현 0개 · 85자 초과 0개 / 출처/계산 근거 필드 확인 / 하루의 실행 카드 / 기존 출력 가드 검사
R01:people:summary,R01,80,,,,경험 확인 장면 / 완결과 가져갈 것,노출 전문 표현 0개 · 85자 초과 문장 0개 / 핵심 결론 1개 중 접힌 근거 1개 / 답변으로 해석을 조정하는 질문 제공 / 생활 장면을 묻는 본문 0개 · 거절 반영 False / 서로 다른 행동 1개 · 언제/확인/대안 True / 실행 카드와 마무리 함께 제공 / 이야기 순서 True · 본문 2개
R01:dir:hook,R01,100,,,,,전문 표현 0개 · 85자 초과 0개 / 출처/계산 근거 필드 확인 / 5단 응답 흐름 / 기존 출력 가드 검사
R01:dir:daily,R01,100,,,,,전문 표현 0개 · 85자 초과 0개 / 출처/계산 근거 필드 확인 / 하루의 실행 카드 / 기존 출력 가드 검사
R01:dir:summary,R01,80,,,,경험 확인 장면 / 완결과 가져갈 것,노출 전문 표현 0개 · 85자 초과 문장 0개 / 핵심 결론 1개 중 접힌 근거 1개 / 답변으로 해석을 조정하는 질문 제공 / 생활 장면을 묻는 본문 0개 · 거절 반영 False / 서로 다른 행동 1개 · 언제/확인/대안 True / 실행 카드와 마무리 함께 제공 / 이야기 순서 True · 본문 2개
R01:health:hook,R01,100,,,,,전문 표현 0개 · 85자 초과 0개 / 출처/계산 근거 필드 확인 / 5단 응답 흐름 / 기존 출력 가드 검사
R01:health:daily,R01,100,,,,,전문 표현 0개 · 85자 초과 0개 / 출처/계산 근거 필드 확인 / 하루의 실행 카드 / 기존 출력 가드 검사
R01:health:summary,R01,80,,,,경험 확인 장면 / 완결과 가져갈 것,노출 전문 표현 0개 · 85자 초과 문장 0개 / 핵심 결론 1개 중 접힌 근거 1개 / 답변으로 해석을 조정하는 질문 제공 / 생활 장면을 묻는 본문 0개 · 거절 반영 False / 서로 다른 행동 1개 · 언제/확인/대안 True / 실행 카드와 마무리 함께 제공 / 이야기 순서 True · 본문 2개
R02:work:hook,R02,100,,,,,전문 표현 0개 · 85자 초과 0개 / 출처/계산 근거 필드 확인 / 5단 응답 흐름 / 기존 출력 가드 검사
R02:work:daily,R02,100,,,,,전문 표현 0개 · 85자 초과 0개 / 출처/계산 근거 필드 확인 / 하루의 실행 카드 / 기존 출력 가드 검사
R02:work:summary,R02,85,,,,완결과 가져갈 것 / 읽을 순서,노출 전문 표현 0개 · 85자 초과 문장 0개 / 핵심 결론 0개 중 접힌 근거 0개 / 답변으로 해석을 조정하는 질문 제공 / 생활 장면을 묻는 본문 0개 · 거절 반영 False / 서로 다른 행동 0개 · 언제/확인/대안 True / 실행 카드와 마무리 함께 제공 / 이야기 순서 True · 본문 1개
R02:money:hook,R02,100,,,,,전문 표현 0개 · 85자 초과 0개 / 출처/계산 근거 필드 확인 / 5단 응답 흐름 / 기존 출력 가드 검사
R02:money:daily,R02,100,,,,,전문 표현 0개 · 85자 초과 0개 / 출처/계산 근거 필드 확인 / 하루의 실행 카드 / 기존 출력 가드 검사
R02:money:summary,R02,85,,,,완결과 가져갈 것 / 읽을 순서,노출 전문 표현 0개 · 85자 초과 문장 0개 / 핵심 결론 0개 중 접힌 근거 0개 / 답변으로 해석을 조정하는 질문 제공 / 생활 장면을 묻는 본문 0개 · 거절 반영 False / 서로 다른 행동 0개 · 언제/확인/대안 True / 실행 카드와 마무리 함께 제공 / 이야기 순서 True · 본문 1개
R02:love:hook,R02,100,,,,,전문 표현 0개 · 85자 초과 0개 / 출처/계산 근거 필드 확인 / 5단 응답 흐름 / 기존 출력 가드 검사
R02:love:daily,R02,100,,,,,전문 표현 0개 · 85자 초과 0개 / 출처/계산 근거 필드 확인 / 하루의 실행 카드 / 기존 출력 가드 검사
R02:love:summary,R02,80,,,,경험 확인 장면 / 완결과 가져갈 것,노출 전문 표현 0개 · 85자 초과 문장 0개 / 핵심 결론 1개 중 접힌 근거 1개 / 답변으로 해석을 조정하는 질문 제공 / 생활 장면을 묻는 본문 0개 · 거절 반영 False / 서로 다른 행동 1개 · 언제/확인/대안 True / 실행 카드와 마무리 함께 제공 / 이야기 순서 True · 본문 2개
R02:people:hook,R02,100,,,,,전문 표현 0개 · 85자 초과 0개 / 출처/계산 근거 필드 확인 / 5단 응답 흐름 / 기존 출력 가드 검사
R02:people:daily,R02,100,,,,,전문 표현 0개 · 85자 초과 0개 / 출처/계산 근거 필드 확인 / 하루의 실행 카드 / 기존 출력 가드 검사
R02:people:summary,R02,80,,,,경험 확인 장면 / 완결과 가져갈 것,노출 전문 표현 0개 · 85자 초과 문장 0개 / 핵심 결론 1개 중 접힌 근거 1개 / 답변으로 해석을 조정하는 질문 제공 / 생활 장면을 묻는 본문 0개 · 거절 반영 False / 서로 다른 행동 1개 · 언제/확인/대안 True / 실행 카드와 마무리 함께 제공 / 이야기 순서 True · 본문 2개
R02:dir:hook,R02,100,,,,,전문 표현 0개 · 85자 초과 0개 / 출처/계산 근거 필드 확인 / 5단 응답 흐름 / 기존 출력 가드 검사
R02:dir:daily,R02,100,,,,,전문 표현 0개 · 85자 초과 0개 / 출처/계산 근거 필드 확인 / 하루의 실행 카드 / 기존 출력 가드 검사
R02:dir:summary,R02,85,,,,완결과 가져갈 것 / 읽을 순서,노출 전문 표현 0개 · 85자 초과 문장 0개 / 핵심 결론 0개 중 접힌 근거 0개 / 답변으로 해석을 조정하는 질문 제공 / 생활 장면을 묻는 본문 0개 · 거절 반영 False / 서로 다른 행동 0개 · 언제/확인/대안 True / 실행 카드와 마무리 함께 제공 / 이야기 순서 True · 본문 1개
R02:health:hook,R02,100,,,,,전문 표현 0개 · 85자 초과 0개 / 출처/계산 근거 필드 확인 / 5단 응답 흐름 / 기존 출력 가드 검사
R02:health:daily,R02,100,,,,,전문 표현 0개 · 85자 초과 0개 / 출처/계산 근거 필드 확인 / 하루의 실행 카드 / 기존 출력 가드 검사
R02:health:summary,R02,80,,,,경험 확인 장면 / 완결과 가져갈 것,노출 전문 표현 0개 · 85자 초과 문장 0개 / 핵심 결론 1개 중 접힌 근거 1개 / 답변으로 해석을 조정하는 질문 제공 / 생활 장면을 묻는 본문 0개 · 거절 반영 False / 서로 다른 행동 1개 · 언제/확인/대안 True / 실행 카드와 마무리 함께 제공 / 이야기 순서 True · 본문 2개
R03:work:hook,R03,100,,,,,전문 표현 0개 · 85자 초과 0개 / 출처/계산 근거 필드 확인 / 5단 응답 흐름 / 기존 출력 가드 검사
R03:work:daily,R03,100,,,,,전문 표현 0개 · 85자 초과 0개 / 출처/계산 근거 필드 확인 / 하루의 실행 카드 / 기존 출력 가드 검사
R03:work:summary,R03,80,,,,경험 확인 장면 / 완결과 가져갈 것,노출 전문 표현 0개 · 85자 초과 문장 0개 / 핵심 결론 1개 중 접힌 근거 1개 / 답변으로 해석을 조정하는 질문 제공 / 생활 장면을 묻는 본문 0개 · 거절 반영 False / 서로 다른 행동 1개 · 언제/확인/대안 True / 실행 카드와 마무리 함께 제공 / 이야기 순서 True · 본문 2개
R03:money:hook,R03,100,,,,,전문 표현 0개 · 85자 초과 0개 / 출처/계산 근거 필드 확인 / 5단 응답 흐름 / 기존 출력 가드 검사
R03:money:daily,R03,100,,,,,전문 표현 0개 · 85자 초과 0개 / 출처/계산 근거 필드 확인 / 하루의 실행 카드 / 기존 출력 가드 검사
R03:money:summary,R03,80,,,,경험 확인 장면 / 완결과 가져갈 것,노출 전문 표현 0개 · 85자 초과 문장 0개 / 핵심 결론 1개 중 접힌 근거 1개 / 답변으로 해석을 조정하는 질문 제공 / 생활 장면을 묻는 본문 0개 · 거절 반영 False / 서로 다른 행동 1개 · 언제/확인/대안 True / 실행 카드와 마무리 함께 제공 / 이야기 순서 True · 본문 2개
R03:love:hook,R03,100,,,,,전문 표현 0개 · 85자 초과 0개 / 출처/계산 근거 필드 확인 / 5단 응답 흐름 / 기존 출력 가드 검사
R03:love:daily,R03,100,,,,,전문 표현 0개 · 85자 초과 0개 / 출처/계산 근거 필드 확인 / 하루의 실행 카드 / 기존 출력 가드 검사
R03:love:summary,R03,80,,,,경험 확인 장면 / 완결과 가져갈 것,노출 전문 표현 0개 · 85자 초과 문장 0개 / 핵심 결론 1개 중 접힌 근거 1개 / 답변으로 해석을 조정하는 질문 제공 / 생활 장면을 묻는 본문 0개 · 거절 반영 False / 서로 다른 행동 1개 · 언제/확인/대안 True / 실행 카드와 마무리 함께 제공 / 이야기 순서 True · 본문 2개
R03:people:hook,R03,100,,,,,전문 표현 0개 · 85자 초과 0개 / 출처/계산 근거 필드 확인 / 5단 응답 흐름 / 기존 출력 가드 검사
R03:people:daily,R03,100,,,,,전문 표현 0개 · 85자 초과 0개 / 출처/계산 근거 필드 확인 / 하루의 실행 카드 / 기존 출력 가드 검사
R03:people:summary,R03,80,,,,경험 확인 장면 / 완결과 가져갈 것,노출 전문 표현 0개 · 85자 초과 문장 0개 / 핵심 결론 1개 중 접힌 근거 1개 / 답변으로 해석을 조정하는 질문 제공 / 생활 장면을 묻는 본문 0개 · 거절 반영 False / 서로 다른 행동 1개 · 언제/확인/대안 True / 실행 카드와 마무리 함께 제공 / 이야기 순서 True · 본문 2개
R03:dir:hook,R03,100,,,,,전문 표현 0개 · 85자 초과 0개 / 출처/계산 근거 필드 확인 / 5단 응답 흐름 / 기존 출력 가드 검사
R03:dir:daily,R03,100,,,,,전문 표현 0개 · 85자 초과 0개 / 출처/계산 근거 필드 확인 / 하루의 실행 카드 / 기존 출력 가드 검사
R03:dir:summary,R03,80,,,,경험 확인 장면 / 완결과 가져갈 것,노출 전문 표현 0개 · 85자 초과 문장 0개 / 핵심 결론 1개 중 접힌 근거 1개 / 답변으로 해석을 조정하는 질문 제공 / 생활 장면을 묻는 본문 0개 · 거절 반영 False / 서로 다른 행동 1개 · 언제/확인/대안 True / 실행 카드와 마무리 함께 제공 / 이야기 순서 True · 본문 2개
R03:health:hook,R03,100,,,,,전문 표현 0개 · 85자 초과 0개 / 출처/계산 근거 필드 확인 / 5단 응답 흐름 / 기존 출력 가드 검사
R03:health:daily,R03,100,,,,,전문 표현 0개 · 85자 초과 0개 / 출처/계산 근거 필드 확인 / 하루의 실행 카드 / 기존 출력 가드 검사
R03:health:summary,R03,85,,,,완결과 가져갈 것 / 읽을 순서,노출 전문 표현 0개 · 85자 초과 문장 0개 / 핵심 결론 0개 중 접힌 근거 0개 / 답변으로 해석을 조정하는 질문 제공 / 생활 장면을 묻는 본문 0개 · 거절 반영 False / 서로 다른 행동 0개 · 언제/확인/대안 True / 실행 카드와 마무리 함께 제공 / 이야기 순서 True · 본문 1개
R04:work:hook,R04,100,,,,,전문 표현 0개 · 85자 초과 0개 / 출처/계산 근거 필드 확인 / 5단 응답 흐름 / 기존 출력 가드 검사
R04:work:daily,R04,100,,,,,전문 표현 0개 · 85자 초과 0개 / 출처/계산 근거 필드 확인 / 하루의 실행 카드 / 기존 출력 가드 검사
R04:work:summary,R04,80,,,,경험 확인 장면 / 완결과 가져갈 것,노출 전문 표현 0개 · 85자 초과 문장 0개 / 핵심 결론 1개 중 접힌 근거 1개 / 답변으로 해석을 조정하는 질문 제공 / 생활 장면을 묻는 본문 0개 · 거절 반영 False / 서로 다른 행동 1개 · 언제/확인/대안 True / 실행 카드와 마무리 함께 제공 / 이야기 순서 True · 본문 2개
R04:money:hook,R04,100,,,,,전문 표현 0개 · 85자 초과 0개 / 출처/계산 근거 필드 확인 / 5단 응답 흐름 / 기존 출력 가드 검사
R04:money:daily,R04,100,,,,,전문 표현 0개 · 85자 초과 0개 / 출처/계산 근거 필드 확인 / 하루의 실행 카드 / 기존 출력 가드 검사
R04:money:summary,R04,80,,,,경험 확인 장면 / 완결과 가져갈 것,노출 전문 표현 0개 · 85자 초과 문장 0개 / 핵심 결론 1개 중 접힌 근거 1개 / 답변으로 해석을 조정하는 질문 제공 / 생활 장면을 묻는 본문 0개 · 거절 반영 False / 서로 다른 행동 1개 · 언제/확인/대안 True / 실행 카드와 마무리 함께 제공 / 이야기 순서 True · 본문 2개
R04:love:hook,R04,100,,,,,전문 표현 0개 · 85자 초과 0개 / 출처/계산 근거 필드 확인 / 5단 응답 흐름 / 기존 출력 가드 검사
R04:love:daily,R04,100,,,,,전문 표현 0개 · 85자 초과 0개 / 출처/계산 근거 필드 확인 / 하루의 실행 카드 / 기존 출력 가드 검사
R04:love:summary,R04,80,,,,경험 확인 장면 / 완결과 가져갈 것,노출 전문 표현 0개 · 85자 초과 문장 0개 / 핵심 결론 1개 중 접힌 근거 1개 / 답변으로 해석을 조정하는 질문 제공 / 생활 장면을 묻는 본문 0개 · 거절 반영 False / 서로 다른 행동 1개 · 언제/확인/대안 True / 실행 카드와 마무리 함께 제공 / 이야기 순서 True · 본문 2개
R04:people:hook,R04,100,,,,,전문 표현 0개 · 85자 초과 0개 / 출처/계산 근거 필드 확인 / 5단 응답 흐름 / 기존 출력 가드 검사
R04:people:daily,R04,100,,,,,전문 표현 0개 · 85자 초과 0개 / 출처/계산 근거 필드 확인 / 하루의 실행 카드 / 기존 출력 가드 검사
R04:people:summary,R04,80,,,,경험 확인 장면 / 완결과 가져갈 것,노출 전문 표현 0개 · 85자 초과 문장 0개 / 핵심 결론 1개 중 접힌 근거 1개 / 답변으로 해석을 조정하는 질문 제공 / 생활 장면을 묻는 본문 0개 · 거절 반영 False / 서로 다른 행동 1개 · 언제/확인/대안 True / 실행 카드와 마무리 함께 제공 / 이야기 순서 True · 본문 2개
R04:dir:hook,R04,100,,,,,전문 표현 0개 · 85자 초과 0개 / 출처/계산 근거 필드 확인 / 5단 응답 흐름 / 기존 출력 가드 검사
R04:dir:daily,R04,100,,,,,전문 표현 0개 · 85자 초과 0개 / 출처/계산 근거 필드 확인 / 하루의 실행 카드 / 기존 출력 가드 검사
R04:dir:summary,R04,80,,,,경험 확인 장면 / 완결과 가져갈 것,노출 전문 표현 0개 · 85자 초과 문장 0개 / 핵심 결론 1개 중 접힌 근거 1개 / 답변으로 해석을 조정하는 질문 제공 / 생활 장면을 묻는 본문 0개 · 거절 반영 False / 서로 다른 행동 1개 · 언제/확인/대안 True / 실행 카드와 마무리 함께 제공 / 이야기 순서 True · 본문 2개
R04:health:hook,R04,100,,,,,전문 표현 0개 · 85자 초과 0개 / 출처/계산 근거 필드 확인 / 5단 응답 흐름 / 기존 출력 가드 검사
R04:health:daily,R04,100,,,,,전문 표현 0개 · 85자 초과 0개 / 출처/계산 근거 필드 확인 / 하루의 실행 카드 / 기존 출력 가드 검사
R04:health:summary,R04,85,,,,완결과 가져갈 것 / 읽을 순서,노출 전문 표현 0개 · 85자 초과 문장 0개 / 핵심 결론 0개 중 접힌 근거 0개 / 답변으로 해석을 조정하는 질문 제공 / 생활 장면을 묻는 본문 0개 · 거절 반영 False / 서로 다른 행동 0개 · 언제/확인/대안 True / 실행 카드와 마무리 함께 제공 / 이야기 순서 True · 본문 1개
R05:work:hook,R05,100,,,,,전문 표현 0개 · 85자 초과 0개 / 출처/계산 근거 필드 확인 / 5단 응답 흐름 / 기존 출력 가드 검사
R05:work:daily,R05,100,,,,,전문 표현 0개 · 85자 초과 0개 / 출처/계산 근거 필드 확인 / 하루의 실행 카드 / 기존 출력 가드 검사
R05:work:summary,R05,88,,,,경험 확인 장면 / 완결과 가져갈 것,노출 전문 표현 0개 · 85자 초과 문장 0개 / 핵심 결론 1개 중 접힌 근거 1개 / 답변으로 해석을 조정하는 질문 제공 / 생활 장면을 묻는 본문 1개 · 거절 반영 False / 서로 다른 행동 1개 · 언제/확인/대안 True / 실행 카드와 마무리 함께 제공 / 이야기 순서 True · 본문 2개
R05:money:hook,R05,100,,,,,전문 표현 0개 · 85자 초과 0개 / 출처/계산 근거 필드 확인 / 5단 응답 흐름 / 기존 출력 가드 검사
R05:money:daily,R05,100,,,,,전문 표현 0개 · 85자 초과 0개 / 출처/계산 근거 필드 확인 / 하루의 실행 카드 / 기존 출력 가드 검사
R05:money:summary,R05,85,,,,완결과 가져갈 것 / 읽을 순서,노출 전문 표현 0개 · 85자 초과 문장 0개 / 핵심 결론 0개 중 접힌 근거 0개 / 답변으로 해석을 조정하는 질문 제공 / 생활 장면을 묻는 본문 0개 · 거절 반영 False / 서로 다른 행동 0개 · 언제/확인/대안 True / 실행 카드와 마무리 함께 제공 / 이야기 순서 True · 본문 1개
R05:love:hook,R05,100,,,,,전문 표현 0개 · 85자 초과 0개 / 출처/계산 근거 필드 확인 / 5단 응답 흐름 / 기존 출력 가드 검사
R05:love:daily,R05,100,,,,,전문 표현 0개 · 85자 초과 0개 / 출처/계산 근거 필드 확인 / 하루의 실행 카드 / 기존 출력 가드 검사
R05:love:summary,R05,80,,,,경험 확인 장면 / 완결과 가져갈 것,노출 전문 표현 0개 · 85자 초과 문장 0개 / 핵심 결론 1개 중 접힌 근거 1개 / 답변으로 해석을 조정하는 질문 제공 / 생활 장면을 묻는 본문 0개 · 거절 반영 False / 서로 다른 행동 1개 · 언제/확인/대안 True / 실행 카드와 마무리 함께 제공 / 이야기 순서 True · 본문 2개
R05:people:hook,R05,100,,,,,전문 표현 0개 · 85자 초과 0개 / 출처/계산 근거 필드 확인 / 5단 응답 흐름 / 기존 출력 가드 검사
R05:people:daily,R05,100,,,,,전문 표현 0개 · 85자 초과 0개 / 출처/계산 근거 필드 확인 / 하루의 실행 카드 / 기존 출력 가드 검사
R05:people:summary,R05,80,,,,경험 확인 장면 / 완결과 가져갈 것,노출 전문 표현 0개 · 85자 초과 문장 0개 / 핵심 결론 1개 중 접힌 근거 1개 / 답변으로 해석을 조정하는 질문 제공 / 생활 장면을 묻는 본문 0개 · 거절 반영 False / 서로 다른 행동 1개 · 언제/확인/대안 True / 실행 카드와 마무리 함께 제공 / 이야기 순서 True · 본문 2개
R05:dir:hook,R05,100,,,,,전문 표현 0개 · 85자 초과 0개 / 출처/계산 근거 필드 확인 / 5단 응답 흐름 / 기존 출력 가드 검사
R05:dir:daily,R05,100,,,,,전문 표현 0개 · 85자 초과 0개 / 출처/계산 근거 필드 확인 / 하루의 실행 카드 / 기존 출력 가드 검사
R05:dir:summary,R05,88,,,,경험 확인 장면 / 완결과 가져갈 것,노출 전문 표현 0개 · 85자 초과 문장 0개 / 핵심 결론 1개 중 접힌 근거 1개 / 답변으로 해석을 조정하는 질문 제공 / 생활 장면을 묻는 본문 1개 · 거절 반영 False / 서로 다른 행동 1개 · 언제/확인/대안 True / 실행 카드와 마무리 함께 제공 / 이야기 순서 True · 본문 2개
R05:health:hook,R05,100,,,,,전문 표현 0개 · 85자 초과 0개 / 출처/계산 근거 필드 확인 / 5단 응답 흐름 / 기존 출력 가드 검사
R05:health:daily,R05,100,,,,,전문 표현 0개 · 85자 초과 0개 / 출처/계산 근거 필드 확인 / 하루의 실행 카드 / 기존 출력 가드 검사
R05:health:summary,R05,88,,,,경험 확인 장면 / 완결과 가져갈 것,노출 전문 표현 0개 · 85자 초과 문장 0개 / 핵심 결론 1개 중 접힌 근거 1개 / 답변으로 해석을 조정하는 질문 제공 / 생활 장면을 묻는 본문 1개 · 거절 반영 False / 서로 다른 행동 1개 · 언제/확인/대안 True / 실행 카드와 마무리 함께 제공 / 이야기 순서 True · 본문 2개
R06:work:hook,R06,100,,,,,전문 표현 0개 · 85자 초과 0개 / 출처/계산 근거 필드 확인 / 5단 응답 흐름 / 기존 출력 가드 검사
R06:work:daily,R06,100,,,,,전문 표현 0개 · 85자 초과 0개 / 출처/계산 근거 필드 확인 / 하루의 실행 카드 / 기존 출력 가드 검사
R06:work:summary,R06,88,,,,경험 확인 장면 / 완결과 가져갈 것,노출 전문 표현 0개 · 85자 초과 문장 0개 / 핵심 결론 1개 중 접힌 근거 1개 / 답변으로 해석을 조정하는 질문 제공 / 생활 장면을 묻는 본문 1개 · 거절 반영 False / 서로 다른 행동 1개 · 언제/확인/대안 True / 실행 카드와 마무리 함께 제공 / 이야기 순서 True · 본문 2개
R06:money:hook,R06,100,,,,,전문 표현 0개 · 85자 초과 0개 / 출처/계산 근거 필드 확인 / 5단 응답 흐름 / 기존 출력 가드 검사
R06:money:daily,R06,100,,,,,전문 표현 0개 · 85자 초과 0개 / 출처/계산 근거 필드 확인 / 하루의 실행 카드 / 기존 출력 가드 검사
R06:money:summary,R06,88,,,,경험 확인 장면 / 완결과 가져갈 것,노출 전문 표현 0개 · 85자 초과 문장 0개 / 핵심 결론 1개 중 접힌 근거 1개 / 답변으로 해석을 조정하는 질문 제공 / 생활 장면을 묻는 본문 1개 · 거절 반영 False / 서로 다른 행동 1개 · 언제/확인/대안 True / 실행 카드와 마무리 함께 제공 / 이야기 순서 True · 본문 2개
R06:love:hook,R06,100,,,,,전문 표현 0개 · 85자 초과 0개 / 출처/계산 근거 필드 확인 / 5단 응답 흐름 / 기존 출력 가드 검사
R06:love:daily,R06,100,,,,,전문 표현 0개 · 85자 초과 0개 / 출처/계산 근거 필드 확인 / 하루의 실행 카드 / 기존 출력 가드 검사
R06:love:summary,R06,80,,,,경험 확인 장면 / 완결과 가져갈 것,노출 전문 표현 0개 · 85자 초과 문장 0개 / 핵심 결론 1개 중 접힌 근거 1개 / 답변으로 해석을 조정하는 질문 제공 / 생활 장면을 묻는 본문 0개 · 거절 반영 False / 서로 다른 행동 1개 · 언제/확인/대안 True / 실행 카드와 마무리 함께 제공 / 이야기 순서 True · 본문 2개
R06:people:hook,R06,100,,,,,전문 표현 0개 · 85자 초과 0개 / 출처/계산 근거 필드 확인 / 5단 응답 흐름 / 기존 출력 가드 검사
R06:people:daily,R06,100,,,,,전문 표현 0개 · 85자 초과 0개 / 출처/계산 근거 필드 확인 / 하루의 실행 카드 / 기존 출력 가드 검사
R06:people:summary,R06,80,,,,경험 확인 장면 / 완결과 가져갈 것,노출 전문 표현 0개 · 85자 초과 문장 0개 / 핵심 결론 1개 중 접힌 근거 1개 / 답변으로 해석을 조정하는 질문 제공 / 생활 장면을 묻는 본문 0개 · 거절 반영 False / 서로 다른 행동 1개 · 언제/확인/대안 True / 실행 카드와 마무리 함께 제공 / 이야기 순서 True · 본문 2개
R06:dir:hook,R06,100,,,,,전문 표현 0개 · 85자 초과 0개 / 출처/계산 근거 필드 확인 / 5단 응답 흐름 / 기존 출력 가드 검사
R06:dir:daily,R06,100,,,,,전문 표현 0개 · 85자 초과 0개 / 출처/계산 근거 필드 확인 / 하루의 실행 카드 / 기존 출력 가드 검사
R06:dir:summary,R06,80,,,,경험 확인 장면 / 완결과 가져갈 것,노출 전문 표현 0개 · 85자 초과 문장 0개 / 핵심 결론 1개 중 접힌 근거 1개 / 답변으로 해석을 조정하는 질문 제공 / 생활 장면을 묻는 본문 0개 · 거절 반영 False / 서로 다른 행동 1개 · 언제/확인/대안 True / 실행 카드와 마무리 함께 제공 / 이야기 순서 True · 본문 2개
R06:health:hook,R06,100,,,,,전문 표현 0개 · 85자 초과 0개 / 출처/계산 근거 필드 확인 / 5단 응답 흐름 / 기존 출력 가드 검사
R06:health:daily,R06,100,,,,,전문 표현 0개 · 85자 초과 0개 / 출처/계산 근거 필드 확인 / 하루의 실행 카드 / 기존 출력 가드 검사
R06:health:summary,R06,88,,,,경험 확인 장면 / 완결과 가져갈 것,노출 전문 표현 0개 · 85자 초과 문장 0개 / 핵심 결론 1개 중 접힌 근거 1개 / 답변으로 해석을 조정하는 질문 제공 / 생활 장면을 묻는 본문 1개 · 거절 반영 False / 서로 다른 행동 1개 · 언제/확인/대안 True / 실행 카드와 마무리 함께 제공 / 이야기 순서 True · 본문 2개
R07:work:hook,R07,100,,,,,전문 표현 0개 · 85자 초과 0개 / 출처/계산 근거 필드 확인 / 5단 응답 흐름 / 기존 출력 가드 검사
R07:work:daily,R07,100,,,,,전문 표현 0개 · 85자 초과 0개 / 출처/계산 근거 필드 확인 / 하루의 실행 카드 / 기존 출력 가드 검사
R07:work:summary,R07,88,,,,경험 확인 장면 / 완결과 가져갈 것,노출 전문 표현 0개 · 85자 초과 문장 0개 / 핵심 결론 1개 중 접힌 근거 1개 / 답변으로 해석을 조정하는 질문 제공 / 생활 장면을 묻는 본문 1개 · 거절 반영 False / 서로 다른 행동 1개 · 언제/확인/대안 True / 실행 카드와 마무리 함께 제공 / 이야기 순서 True · 본문 2개
R07:money:hook,R07,100,,,,,전문 표현 0개 · 85자 초과 0개 / 출처/계산 근거 필드 확인 / 5단 응답 흐름 / 기존 출력 가드 검사
R07:money:daily,R07,100,,,,,전문 표현 0개 · 85자 초과 0개 / 출처/계산 근거 필드 확인 / 하루의 실행 카드 / 기존 출력 가드 검사
R07:money:summary,R07,85,,,,완결과 가져갈 것 / 읽을 순서,노출 전문 표현 0개 · 85자 초과 문장 0개 / 핵심 결론 0개 중 접힌 근거 0개 / 답변으로 해석을 조정하는 질문 제공 / 생활 장면을 묻는 본문 0개 · 거절 반영 False / 서로 다른 행동 0개 · 언제/확인/대안 True / 실행 카드와 마무리 함께 제공 / 이야기 순서 True · 본문 1개
R07:love:hook,R07,100,,,,,전문 표현 0개 · 85자 초과 0개 / 출처/계산 근거 필드 확인 / 5단 응답 흐름 / 기존 출력 가드 검사
R07:love:daily,R07,100,,,,,전문 표현 0개 · 85자 초과 0개 / 출처/계산 근거 필드 확인 / 하루의 실행 카드 / 기존 출력 가드 검사
R07:love:summary,R07,80,,,,경험 확인 장면 / 완결과 가져갈 것,노출 전문 표현 0개 · 85자 초과 문장 0개 / 핵심 결론 1개 중 접힌 근거 1개 / 답변으로 해석을 조정하는 질문 제공 / 생활 장면을 묻는 본문 0개 · 거절 반영 False / 서로 다른 행동 1개 · 언제/확인/대안 True / 실행 카드와 마무리 함께 제공 / 이야기 순서 True · 본문 2개
R07:people:hook,R07,100,,,,,전문 표현 0개 · 85자 초과 0개 / 출처/계산 근거 필드 확인 / 5단 응답 흐름 / 기존 출력 가드 검사
R07:people:daily,R07,100,,,,,전문 표현 0개 · 85자 초과 0개 / 출처/계산 근거 필드 확인 / 하루의 실행 카드 / 기존 출력 가드 검사
R07:people:summary,R07,80,,,,경험 확인 장면 / 완결과 가져갈 것,노출 전문 표현 0개 · 85자 초과 문장 0개 / 핵심 결론 1개 중 접힌 근거 1개 / 답변으로 해석을 조정하는 질문 제공 / 생활 장면을 묻는 본문 0개 · 거절 반영 False / 서로 다른 행동 1개 · 언제/확인/대안 True / 실행 카드와 마무리 함께 제공 / 이야기 순서 True · 본문 2개
R07:dir:hook,R07,100,,,,,전문 표현 0개 · 85자 초과 0개 / 출처/계산 근거 필드 확인 / 5단 응답 흐름 / 기존 출력 가드 검사
R07:dir:daily,R07,100,,,,,전문 표현 0개 · 85자 초과 0개 / 출처/계산 근거 필드 확인 / 하루의 실행 카드 / 기존 출력 가드 검사
R07:dir:summary,R07,88,,,,경험 확인 장면 / 완결과 가져갈 것,노출 전문 표현 0개 · 85자 초과 문장 0개 / 핵심 결론 1개 중 접힌 근거 1개 / 답변으로 해석을 조정하는 질문 제공 / 생활 장면을 묻는 본문 1개 · 거절 반영 False / 서로 다른 행동 1개 · 언제/확인/대안 True / 실행 카드와 마무리 함께 제공 / 이야기 순서 True · 본문 2개
R07:health:hook,R07,100,,,,,전문 표현 0개 · 85자 초과 0개 / 출처/계산 근거 필드 확인 / 5단 응답 흐름 / 기존 출력 가드 검사
R07:health:daily,R07,100,,,,,전문 표현 0개 · 85자 초과 0개 / 출처/계산 근거 필드 확인 / 하루의 실행 카드 / 기존 출력 가드 검사
R07:health:summary,R07,88,,,,경험 확인 장면 / 완결과 가져갈 것,노출 전문 표현 0개 · 85자 초과 문장 0개 / 핵심 결론 1개 중 접힌 근거 1개 / 답변으로 해석을 조정하는 질문 제공 / 생활 장면을 묻는 본문 1개 · 거절 반영 False / 서로 다른 행동 1개 · 언제/확인/대안 True / 실행 카드와 마무리 함께 제공 / 이야기 순서 True · 본문 2개
R08:work:hook,R08,100,,,,,전문 표현 0개 · 85자 초과 0개 / 출처/계산 근거 필드 확인 / 5단 응답 흐름 / 기존 출력 가드 검사
R08:work:daily,R08,100,,,,,전문 표현 0개 · 85자 초과 0개 / 출처/계산 근거 필드 확인 / 하루의 실행 카드 / 기존 출력 가드 검사
R08:work:summary,R08,88,,,,경험 확인 장면 / 완결과 가져갈 것,노출 전문 표현 0개 · 85자 초과 문장 0개 / 핵심 결론 1개 중 접힌 근거 1개 / 답변으로 해석을 조정하는 질문 제공 / 생활 장면을 묻는 본문 1개 · 거절 반영 False / 서로 다른 행동 1개 · 언제/확인/대안 True / 실행 카드와 마무리 함께 제공 / 이야기 순서 True · 본문 2개
R08:money:hook,R08,100,,,,,전문 표현 0개 · 85자 초과 0개 / 출처/계산 근거 필드 확인 / 5단 응답 흐름 / 기존 출력 가드 검사
R08:money:daily,R08,100,,,,,전문 표현 0개 · 85자 초과 0개 / 출처/계산 근거 필드 확인 / 하루의 실행 카드 / 기존 출력 가드 검사
R08:money:summary,R08,88,,,,경험 확인 장면 / 완결과 가져갈 것,노출 전문 표현 0개 · 85자 초과 문장 0개 / 핵심 결론 1개 중 접힌 근거 1개 / 답변으로 해석을 조정하는 질문 제공 / 생활 장면을 묻는 본문 1개 · 거절 반영 False / 서로 다른 행동 1개 · 언제/확인/대안 True / 실행 카드와 마무리 함께 제공 / 이야기 순서 True · 본문 2개
R08:love:hook,R08,100,,,,,전문 표현 0개 · 85자 초과 0개 / 출처/계산 근거 필드 확인 / 5단 응답 흐름 / 기존 출력 가드 검사
R08:love:daily,R08,100,,,,,전문 표현 0개 · 85자 초과 0개 / 출처/계산 근거 필드 확인 / 하루의 실행 카드 / 기존 출력 가드 검사
R08:love:summary,R08,80,,,,경험 확인 장면 / 완결과 가져갈 것,노출 전문 표현 0개 · 85자 초과 문장 0개 / 핵심 결론 1개 중 접힌 근거 1개 / 답변으로 해석을 조정하는 질문 제공 / 생활 장면을 묻는 본문 0개 · 거절 반영 False / 서로 다른 행동 1개 · 언제/확인/대안 True / 실행 카드와 마무리 함께 제공 / 이야기 순서 True · 본문 2개
R08:people:hook,R08,100,,,,,전문 표현 0개 · 85자 초과 0개 / 출처/계산 근거 필드 확인 / 5단 응답 흐름 / 기존 출력 가드 검사
R08:people:daily,R08,100,,,,,전문 표현 0개 · 85자 초과 0개 / 출처/계산 근거 필드 확인 / 하루의 실행 카드 / 기존 출력 가드 검사
R08:people:summary,R08,80,,,,경험 확인 장면 / 완결과 가져갈 것,노출 전문 표현 0개 · 85자 초과 문장 0개 / 핵심 결론 1개 중 접힌 근거 1개 / 답변으로 해석을 조정하는 질문 제공 / 생활 장면을 묻는 본문 0개 · 거절 반영 False / 서로 다른 행동 1개 · 언제/확인/대안 True / 실행 카드와 마무리 함께 제공 / 이야기 순서 True · 본문 2개
R08:dir:hook,R08,100,,,,,전문 표현 0개 · 85자 초과 0개 / 출처/계산 근거 필드 확인 / 5단 응답 흐름 / 기존 출력 가드 검사
R08:dir:daily,R08,100,,,,,전문 표현 0개 · 85자 초과 0개 / 출처/계산 근거 필드 확인 / 하루의 실행 카드 / 기존 출력 가드 검사
R08:dir:summary,R08,80,,,,경험 확인 장면 / 완결과 가져갈 것,노출 전문 표현 0개 · 85자 초과 문장 0개 / 핵심 결론 1개 중 접힌 근거 1개 / 답변으로 해석을 조정하는 질문 제공 / 생활 장면을 묻는 본문 0개 · 거절 반영 False / 서로 다른 행동 1개 · 언제/확인/대안 True / 실행 카드와 마무리 함께 제공 / 이야기 순서 True · 본문 2개
R08:health:hook,R08,100,,,,,전문 표현 0개 · 85자 초과 0개 / 출처/계산 근거 필드 확인 / 5단 응답 흐름 / 기존 출력 가드 검사
R08:health:daily,R08,100,,,,,전문 표현 0개 · 85자 초과 0개 / 출처/계산 근거 필드 확인 / 하루의 실행 카드 / 기존 출력 가드 검사
R08:health:summary,R08,80,,,,경험 확인 장면 / 완결과 가져갈 것,노출 전문 표현 0개 · 85자 초과 문장 0개 / 핵심 결론 1개 중 접힌 근거 1개 / 답변으로 해석을 조정하는 질문 제공 / 생활 장면을 묻는 본문 0개 · 거절 반영 False / 서로 다른 행동 1개 · 언제/확인/대안 True / 실행 카드와 마무리 함께 제공 / 이야기 순서 True · 본문 2개
R09:work:hook,R09,100,,,,,전문 표현 0개 · 85자 초과 0개 / 출처/계산 근거 필드 확인 / 5단 응답 흐름 / 기존 출력 가드 검사
R09:work:daily,R09,100,,,,,전문 표현 0개 · 85자 초과 0개 / 출처/계산 근거 필드 확인 / 하루의 실행 카드 / 기존 출력 가드 검사
R09:work:summary,R09,80,,,,경험 확인 장면 / 완결과 가져갈 것,노출 전문 표현 0개 · 85자 초과 문장 0개 / 핵심 결론 1개 중 접힌 근거 1개 / 답변으로 해석을 조정하는 질문 제공 / 생활 장면을 묻는 본문 0개 · 거절 반영 False / 서로 다른 행동 1개 · 언제/확인/대안 True / 실행 카드와 마무리 함께 제공 / 이야기 순서 True · 본문 2개
R09:money:hook,R09,100,,,,,전문 표현 0개 · 85자 초과 0개 / 출처/계산 근거 필드 확인 / 5단 응답 흐름 / 기존 출력 가드 검사
R09:money:daily,R09,100,,,,,전문 표현 0개 · 85자 초과 0개 / 출처/계산 근거 필드 확인 / 하루의 실행 카드 / 기존 출력 가드 검사
R09:money:summary,R09,80,,,,경험 확인 장면 / 완결과 가져갈 것,노출 전문 표현 0개 · 85자 초과 문장 0개 / 핵심 결론 1개 중 접힌 근거 1개 / 답변으로 해석을 조정하는 질문 제공 / 생활 장면을 묻는 본문 0개 · 거절 반영 False / 서로 다른 행동 1개 · 언제/확인/대안 True / 실행 카드와 마무리 함께 제공 / 이야기 순서 True · 본문 2개
R09:love:hook,R09,100,,,,,전문 표현 0개 · 85자 초과 0개 / 출처/계산 근거 필드 확인 / 5단 응답 흐름 / 기존 출력 가드 검사
R09:love:daily,R09,100,,,,,전문 표현 0개 · 85자 초과 0개 / 출처/계산 근거 필드 확인 / 하루의 실행 카드 / 기존 출력 가드 검사
R09:love:summary,R09,80,,,,경험 확인 장면 / 완결과 가져갈 것,노출 전문 표현 0개 · 85자 초과 문장 0개 / 핵심 결론 1개 중 접힌 근거 1개 / 답변으로 해석을 조정하는 질문 제공 / 생활 장면을 묻는 본문 0개 · 거절 반영 False / 서로 다른 행동 1개 · 언제/확인/대안 True / 실행 카드와 마무리 함께 제공 / 이야기 순서 True · 본문 2개
R09:people:hook,R09,100,,,,,전문 표현 0개 · 85자 초과 0개 / 출처/계산 근거 필드 확인 / 5단 응답 흐름 / 기존 출력 가드 검사
R09:people:daily,R09,100,,,,,전문 표현 0개 · 85자 초과 0개 / 출처/계산 근거 필드 확인 / 하루의 실행 카드 / 기존 출력 가드 검사
R09:people:summary,R09,80,,,,경험 확인 장면 / 완결과 가져갈 것,노출 전문 표현 0개 · 85자 초과 문장 0개 / 핵심 결론 1개 중 접힌 근거 1개 / 답변으로 해석을 조정하는 질문 제공 / 생활 장면을 묻는 본문 0개 · 거절 반영 False / 서로 다른 행동 1개 · 언제/확인/대안 True / 실행 카드와 마무리 함께 제공 / 이야기 순서 True · 본문 2개
R09:dir:hook,R09,100,,,,,전문 표현 0개 · 85자 초과 0개 / 출처/계산 근거 필드 확인 / 5단 응답 흐름 / 기존 출력 가드 검사
R09:dir:daily,R09,100,,,,,전문 표현 0개 · 85자 초과 0개 / 출처/계산 근거 필드 확인 / 하루의 실행 카드 / 기존 출력 가드 검사
R09:dir:summary,R09,80,,,,경험 확인 장면 / 완결과 가져갈 것,노출 전문 표현 0개 · 85자 초과 문장 0개 / 핵심 결론 1개 중 접힌 근거 1개 / 답변으로 해석을 조정하는 질문 제공 / 생활 장면을 묻는 본문 0개 · 거절 반영 False / 서로 다른 행동 1개 · 언제/확인/대안 True / 실행 카드와 마무리 함께 제공 / 이야기 순서 True · 본문 2개
R09:health:hook,R09,100,,,,,전문 표현 0개 · 85자 초과 0개 / 출처/계산 근거 필드 확인 / 5단 응답 흐름 / 기존 출력 가드 검사
R09:health:daily,R09,100,,,,,전문 표현 0개 · 85자 초과 0개 / 출처/계산 근거 필드 확인 / 하루의 실행 카드 / 기존 출력 가드 검사
R09:health:summary,R09,85,,,,완결과 가져갈 것 / 읽을 순서,노출 전문 표현 0개 · 85자 초과 문장 0개 / 핵심 결론 0개 중 접힌 근거 0개 / 답변으로 해석을 조정하는 질문 제공 / 생활 장면을 묻는 본문 0개 · 거절 반영 False / 서로 다른 행동 0개 · 언제/확인/대안 True / 실행 카드와 마무리 함께 제공 / 이야기 순서 True · 본문 1개
R10:work:hook,R10,100,,,,,전문 표현 0개 · 85자 초과 0개 / 출처/계산 근거 필드 확인 / 5단 응답 흐름 / 기존 출력 가드 검사
R10:work:daily,R10,100,,,,,전문 표현 0개 · 85자 초과 0개 / 출처/계산 근거 필드 확인 / 하루의 실행 카드 / 기존 출력 가드 검사
R10:work:summary,R10,88,,,,경험 확인 장면 / 완결과 가져갈 것,노출 전문 표현 0개 · 85자 초과 문장 0개 / 핵심 결론 1개 중 접힌 근거 1개 / 답변으로 해석을 조정하는 질문 제공 / 생활 장면을 묻는 본문 1개 · 거절 반영 False / 서로 다른 행동 1개 · 언제/확인/대안 True / 실행 카드와 마무리 함께 제공 / 이야기 순서 True · 본문 2개
R10:money:hook,R10,100,,,,,전문 표현 0개 · 85자 초과 0개 / 출처/계산 근거 필드 확인 / 5단 응답 흐름 / 기존 출력 가드 검사
R10:money:daily,R10,100,,,,,전문 표현 0개 · 85자 초과 0개 / 출처/계산 근거 필드 확인 / 하루의 실행 카드 / 기존 출력 가드 검사
R10:money:summary,R10,80,,,,경험 확인 장면 / 완결과 가져갈 것,노출 전문 표현 0개 · 85자 초과 문장 0개 / 핵심 결론 1개 중 접힌 근거 1개 / 답변으로 해석을 조정하는 질문 제공 / 생활 장면을 묻는 본문 0개 · 거절 반영 False / 서로 다른 행동 1개 · 언제/확인/대안 True / 실행 카드와 마무리 함께 제공 / 이야기 순서 True · 본문 2개
R10:love:hook,R10,100,,,,,전문 표현 0개 · 85자 초과 0개 / 출처/계산 근거 필드 확인 / 5단 응답 흐름 / 기존 출력 가드 검사
R10:love:daily,R10,100,,,,,전문 표현 0개 · 85자 초과 0개 / 출처/계산 근거 필드 확인 / 하루의 실행 카드 / 기존 출력 가드 검사
R10:love:summary,R10,80,,,,경험 확인 장면 / 완결과 가져갈 것,노출 전문 표현 0개 · 85자 초과 문장 0개 / 핵심 결론 1개 중 접힌 근거 1개 / 답변으로 해석을 조정하는 질문 제공 / 생활 장면을 묻는 본문 0개 · 거절 반영 False / 서로 다른 행동 1개 · 언제/확인/대안 True / 실행 카드와 마무리 함께 제공 / 이야기 순서 True · 본문 2개
R10:people:hook,R10,100,,,,,전문 표현 0개 · 85자 초과 0개 / 출처/계산 근거 필드 확인 / 5단 응답 흐름 / 기존 출력 가드 검사
R10:people:daily,R10,100,,,,,전문 표현 0개 · 85자 초과 0개 / 출처/계산 근거 필드 확인 / 하루의 실행 카드 / 기존 출력 가드 검사
R10:people:summary,R10,80,,,,경험 확인 장면 / 완결과 가져갈 것,노출 전문 표현 0개 · 85자 초과 문장 0개 / 핵심 결론 1개 중 접힌 근거 1개 / 답변으로 해석을 조정하는 질문 제공 / 생활 장면을 묻는 본문 0개 · 거절 반영 False / 서로 다른 행동 1개 · 언제/확인/대안 True / 실행 카드와 마무리 함께 제공 / 이야기 순서 True · 본문 2개
R10:dir:hook,R10,100,,,,,전문 표현 0개 · 85자 초과 0개 / 출처/계산 근거 필드 확인 / 5단 응답 흐름 / 기존 출력 가드 검사
R10:dir:daily,R10,100,,,,,전문 표현 0개 · 85자 초과 0개 / 출처/계산 근거 필드 확인 / 하루의 실행 카드 / 기존 출력 가드 검사
R10:dir:summary,R10,88,,,,경험 확인 장면 / 완결과 가져갈 것,노출 전문 표현 0개 · 85자 초과 문장 0개 / 핵심 결론 1개 중 접힌 근거 1개 / 답변으로 해석을 조정하는 질문 제공 / 생활 장면을 묻는 본문 1개 · 거절 반영 False / 서로 다른 행동 1개 · 언제/확인/대안 True / 실행 카드와 마무리 함께 제공 / 이야기 순서 True · 본문 2개
R10:health:hook,R10,100,,,,,전문 표현 0개 · 85자 초과 0개 / 출처/계산 근거 필드 확인 / 5단 응답 흐름 / 기존 출력 가드 검사
R10:health:daily,R10,100,,,,,전문 표현 0개 · 85자 초과 0개 / 출처/계산 근거 필드 확인 / 하루의 실행 카드 / 기존 출력 가드 검사
R10:health:summary,R10,88,,,,경험 확인 장면 / 완결과 가져갈 것,노출 전문 표현 0개 · 85자 초과 문장 0개 / 핵심 결론 1개 중 접힌 근거 1개 / 답변으로 해석을 조정하는 질문 제공 / 생활 장면을 묻는 본문 1개 · 거절 반영 False / 서로 다른 행동 1개 · 언제/확인/대안 True / 실행 카드와 마무리 함께 제공 / 이야기 순서 True · 본문 2개
R11:work:hook,R11,100,,,,,전문 표현 0개 · 85자 초과 0개 / 출처/계산 근거 필드 확인 / 5단 응답 흐름 / 기존 출력 가드 검사
R11:work:daily,R11,100,,,,,전문 표현 0개 · 85자 초과 0개 / 출처/계산 근거 필드 확인 / 하루의 실행 카드 / 기존 출력 가드 검사
R11:work:summary,R11,88,,,,경험 확인 장면 / 완결과 가져갈 것,노출 전문 표현 0개 · 85자 초과 문장 0개 / 핵심 결론 1개 중 접힌 근거 1개 / 답변으로 해석을 조정하는 질문 제공 / 생활 장면을 묻는 본문 1개 · 거절 반영 False / 서로 다른 행동 1개 · 언제/확인/대안 True / 실행 카드와 마무리 함께 제공 / 이야기 순서 True · 본문 2개
R11:money:hook,R11,100,,,,,전문 표현 0개 · 85자 초과 0개 / 출처/계산 근거 필드 확인 / 5단 응답 흐름 / 기존 출력 가드 검사
R11:money:daily,R11,100,,,,,전문 표현 0개 · 85자 초과 0개 / 출처/계산 근거 필드 확인 / 하루의 실행 카드 / 기존 출력 가드 검사
R11:money:summary,R11,85,,,,완결과 가져갈 것 / 읽을 순서,노출 전문 표현 0개 · 85자 초과 문장 0개 / 핵심 결론 0개 중 접힌 근거 0개 / 답변으로 해석을 조정하는 질문 제공 / 생활 장면을 묻는 본문 0개 · 거절 반영 False / 서로 다른 행동 0개 · 언제/확인/대안 True / 실행 카드와 마무리 함께 제공 / 이야기 순서 True · 본문 1개
R11:love:hook,R11,100,,,,,전문 표현 0개 · 85자 초과 0개 / 출처/계산 근거 필드 확인 / 5단 응답 흐름 / 기존 출력 가드 검사
R11:love:daily,R11,100,,,,,전문 표현 0개 · 85자 초과 0개 / 출처/계산 근거 필드 확인 / 하루의 실행 카드 / 기존 출력 가드 검사
R11:love:summary,R11,80,,,,경험 확인 장면 / 완결과 가져갈 것,노출 전문 표현 0개 · 85자 초과 문장 0개 / 핵심 결론 1개 중 접힌 근거 1개 / 답변으로 해석을 조정하는 질문 제공 / 생활 장면을 묻는 본문 0개 · 거절 반영 False / 서로 다른 행동 1개 · 언제/확인/대안 True / 실행 카드와 마무리 함께 제공 / 이야기 순서 True · 본문 2개
R11:people:hook,R11,100,,,,,전문 표현 0개 · 85자 초과 0개 / 출처/계산 근거 필드 확인 / 5단 응답 흐름 / 기존 출력 가드 검사
R11:people:daily,R11,100,,,,,전문 표현 0개 · 85자 초과 0개 / 출처/계산 근거 필드 확인 / 하루의 실행 카드 / 기존 출력 가드 검사
R11:people:summary,R11,80,,,,경험 확인 장면 / 완결과 가져갈 것,노출 전문 표현 0개 · 85자 초과 문장 0개 / 핵심 결론 1개 중 접힌 근거 1개 / 답변으로 해석을 조정하는 질문 제공 / 생활 장면을 묻는 본문 0개 · 거절 반영 False / 서로 다른 행동 1개 · 언제/확인/대안 True / 실행 카드와 마무리 함께 제공 / 이야기 순서 True · 본문 2개
R11:dir:hook,R11,100,,,,,전문 표현 0개 · 85자 초과 0개 / 출처/계산 근거 필드 확인 / 5단 응답 흐름 / 기존 출력 가드 검사
R11:dir:daily,R11,100,,,,,전문 표현 0개 · 85자 초과 0개 / 출처/계산 근거 필드 확인 / 하루의 실행 카드 / 기존 출력 가드 검사
R11:dir:summary,R11,88,,,,경험 확인 장면 / 완결과 가져갈 것,노출 전문 표현 0개 · 85자 초과 문장 0개 / 핵심 결론 1개 중 접힌 근거 1개 / 답변으로 해석을 조정하는 질문 제공 / 생활 장면을 묻는 본문 1개 · 거절 반영 False / 서로 다른 행동 1개 · 언제/확인/대안 True / 실행 카드와 마무리 함께 제공 / 이야기 순서 True · 본문 2개
R11:health:hook,R11,100,,,,,전문 표현 0개 · 85자 초과 0개 / 출처/계산 근거 필드 확인 / 5단 응답 흐름 / 기존 출력 가드 검사
R11:health:daily,R11,100,,,,,전문 표현 0개 · 85자 초과 0개 / 출처/계산 근거 필드 확인 / 하루의 실행 카드 / 기존 출력 가드 검사
R11:health:summary,R11,88,,,,경험 확인 장면 / 완결과 가져갈 것,노출 전문 표현 0개 · 85자 초과 문장 0개 / 핵심 결론 1개 중 접힌 근거 1개 / 답변으로 해석을 조정하는 질문 제공 / 생활 장면을 묻는 본문 1개 · 거절 반영 False / 서로 다른 행동 1개 · 언제/확인/대안 True / 실행 카드와 마무리 함께 제공 / 이야기 순서 True · 본문 2개
R12:work:hook,R12,100,,,,,전문 표현 0개 · 85자 초과 0개 / 출처/계산 근거 필드 확인 / 5단 응답 흐름 / 기존 출력 가드 검사
R12:work:daily,R12,100,,,,,전문 표현 0개 · 85자 초과 0개 / 출처/계산 근거 필드 확인 / 하루의 실행 카드 / 기존 출력 가드 검사
R12:work:summary,R12,88,,,,경험 확인 장면 / 완결과 가져갈 것,노출 전문 표현 0개 · 85자 초과 문장 0개 / 핵심 결론 1개 중 접힌 근거 1개 / 답변으로 해석을 조정하는 질문 제공 / 생활 장면을 묻는 본문 1개 · 거절 반영 False / 서로 다른 행동 1개 · 언제/확인/대안 True / 실행 카드와 마무리 함께 제공 / 이야기 순서 True · 본문 2개
R12:money:hook,R12,100,,,,,전문 표현 0개 · 85자 초과 0개 / 출처/계산 근거 필드 확인 / 5단 응답 흐름 / 기존 출력 가드 검사
R12:money:daily,R12,100,,,,,전문 표현 0개 · 85자 초과 0개 / 출처/계산 근거 필드 확인 / 하루의 실행 카드 / 기존 출력 가드 검사
R12:money:summary,R12,85,,,,완결과 가져갈 것 / 읽을 순서,노출 전문 표현 0개 · 85자 초과 문장 0개 / 핵심 결론 0개 중 접힌 근거 0개 / 답변으로 해석을 조정하는 질문 제공 / 생활 장면을 묻는 본문 0개 · 거절 반영 False / 서로 다른 행동 0개 · 언제/확인/대안 True / 실행 카드와 마무리 함께 제공 / 이야기 순서 True · 본문 1개
R12:love:hook,R12,100,,,,,전문 표현 0개 · 85자 초과 0개 / 출처/계산 근거 필드 확인 / 5단 응답 흐름 / 기존 출력 가드 검사
R12:love:daily,R12,100,,,,,전문 표현 0개 · 85자 초과 0개 / 출처/계산 근거 필드 확인 / 하루의 실행 카드 / 기존 출력 가드 검사
R12:love:summary,R12,80,,,,경험 확인 장면 / 완결과 가져갈 것,노출 전문 표현 0개 · 85자 초과 문장 0개 / 핵심 결론 1개 중 접힌 근거 1개 / 답변으로 해석을 조정하는 질문 제공 / 생활 장면을 묻는 본문 0개 · 거절 반영 False / 서로 다른 행동 1개 · 언제/확인/대안 True / 실행 카드와 마무리 함께 제공 / 이야기 순서 True · 본문 2개
R12:people:hook,R12,100,,,,,전문 표현 0개 · 85자 초과 0개 / 출처/계산 근거 필드 확인 / 5단 응답 흐름 / 기존 출력 가드 검사
R12:people:daily,R12,100,,,,,전문 표현 0개 · 85자 초과 0개 / 출처/계산 근거 필드 확인 / 하루의 실행 카드 / 기존 출력 가드 검사
R12:people:summary,R12,80,,,,경험 확인 장면 / 완결과 가져갈 것,노출 전문 표현 0개 · 85자 초과 문장 0개 / 핵심 결론 1개 중 접힌 근거 1개 / 답변으로 해석을 조정하는 질문 제공 / 생활 장면을 묻는 본문 0개 · 거절 반영 False / 서로 다른 행동 1개 · 언제/확인/대안 True / 실행 카드와 마무리 함께 제공 / 이야기 순서 True · 본문 2개
R12:dir:hook,R12,100,,,,,전문 표현 0개 · 85자 초과 0개 / 출처/계산 근거 필드 확인 / 5단 응답 흐름 / 기존 출력 가드 검사
R12:dir:daily,R12,100,,,,,전문 표현 0개 · 85자 초과 0개 / 출처/계산 근거 필드 확인 / 하루의 실행 카드 / 기존 출력 가드 검사
R12:dir:summary,R12,80,,,,경험 확인 장면 / 완결과 가져갈 것,노출 전문 표현 0개 · 85자 초과 문장 0개 / 핵심 결론 1개 중 접힌 근거 1개 / 답변으로 해석을 조정하는 질문 제공 / 생활 장면을 묻는 본문 0개 · 거절 반영 False / 서로 다른 행동 1개 · 언제/확인/대안 True / 실행 카드와 마무리 함께 제공 / 이야기 순서 True · 본문 2개
R12:health:hook,R12,100,,,,,전문 표현 0개 · 85자 초과 0개 / 출처/계산 근거 필드 확인 / 5단 응답 흐름 / 기존 출력 가드 검사
R12:health:daily,R12,100,,,,,전문 표현 0개 · 85자 초과 0개 / 출처/계산 근거 필드 확인 / 하루의 실행 카드 / 기존 출력 가드 검사
R12:health:summary,R12,80,,,,경험 확인 장면 / 완결과 가져갈 것,노출 전문 표현 0개 · 85자 초과 문장 0개 / 핵심 결론 1개 중 접힌 근거 1개 / 답변으로 해석을 조정하는 질문 제공 / 생활 장면을 묻는 본문 0개 · 거절 반영 False / 서로 다른 행동 1개 · 언제/확인/대안 True / 실행 카드와 마무리 함께 제공 / 이야기 순서 True · 본문 2개
R13:work:hook,R13,100,,,,,전문 표현 0개 · 85자 초과 0개 / 출처/계산 근거 필드 확인 / 5단 응답 흐름 / 기존 출력 가드 검사
R13:work:daily,R13,100,,,,,전문 표현 0개 · 85자 초과 0개 / 출처/계산 근거 필드 확인 / 하루의 실행 카드 / 기존 출력 가드 검사
R13:work:summary,R13,80,,,,경험 확인 장면 / 완결과 가져갈 것,노출 전문 표현 0개 · 85자 초과 문장 0개 / 핵심 결론 1개 중 접힌 근거 1개 / 답변으로 해석을 조정하는 질문 제공 / 생활 장면을 묻는 본문 0개 · 거절 반영 False / 서로 다른 행동 1개 · 언제/확인/대안 True / 실행 카드와 마무리 함께 제공 / 이야기 순서 True · 본문 2개
R13:money:hook,R13,100,,,,,전문 표현 0개 · 85자 초과 0개 / 출처/계산 근거 필드 확인 / 5단 응답 흐름 / 기존 출력 가드 검사
R13:money:daily,R13,100,,,,,전문 표현 0개 · 85자 초과 0개 / 출처/계산 근거 필드 확인 / 하루의 실행 카드 / 기존 출력 가드 검사
R13:money:summary,R13,88,,,,경험 확인 장면 / 완결과 가져갈 것,노출 전문 표현 0개 · 85자 초과 문장 0개 / 핵심 결론 1개 중 접힌 근거 1개 / 답변으로 해석을 조정하는 질문 제공 / 생활 장면을 묻는 본문 1개 · 거절 반영 False / 서로 다른 행동 1개 · 언제/확인/대안 True / 실행 카드와 마무리 함께 제공 / 이야기 순서 True · 본문 2개
R13:love:hook,R13,100,,,,,전문 표현 0개 · 85자 초과 0개 / 출처/계산 근거 필드 확인 / 5단 응답 흐름 / 기존 출력 가드 검사
R13:love:daily,R13,100,,,,,전문 표현 0개 · 85자 초과 0개 / 출처/계산 근거 필드 확인 / 하루의 실행 카드 / 기존 출력 가드 검사
R13:love:summary,R13,80,,,,경험 확인 장면 / 완결과 가져갈 것,노출 전문 표현 0개 · 85자 초과 문장 0개 / 핵심 결론 1개 중 접힌 근거 1개 / 답변으로 해석을 조정하는 질문 제공 / 생활 장면을 묻는 본문 0개 · 거절 반영 False / 서로 다른 행동 1개 · 언제/확인/대안 True / 실행 카드와 마무리 함께 제공 / 이야기 순서 True · 본문 2개
R13:people:hook,R13,100,,,,,전문 표현 0개 · 85자 초과 0개 / 출처/계산 근거 필드 확인 / 5단 응답 흐름 / 기존 출력 가드 검사
R13:people:daily,R13,100,,,,,전문 표현 0개 · 85자 초과 0개 / 출처/계산 근거 필드 확인 / 하루의 실행 카드 / 기존 출력 가드 검사
R13:people:summary,R13,80,,,,경험 확인 장면 / 완결과 가져갈 것,노출 전문 표현 0개 · 85자 초과 문장 0개 / 핵심 결론 1개 중 접힌 근거 1개 / 답변으로 해석을 조정하는 질문 제공 / 생활 장면을 묻는 본문 0개 · 거절 반영 False / 서로 다른 행동 1개 · 언제/확인/대안 True / 실행 카드와 마무리 함께 제공 / 이야기 순서 True · 본문 2개
R13:dir:hook,R13,100,,,,,전문 표현 0개 · 85자 초과 0개 / 출처/계산 근거 필드 확인 / 5단 응답 흐름 / 기존 출력 가드 검사
R13:dir:daily,R13,100,,,,,전문 표현 0개 · 85자 초과 0개 / 출처/계산 근거 필드 확인 / 하루의 실행 카드 / 기존 출력 가드 검사
R13:dir:summary,R13,80,,,,경험 확인 장면 / 완결과 가져갈 것,노출 전문 표현 0개 · 85자 초과 문장 0개 / 핵심 결론 1개 중 접힌 근거 1개 / 답변으로 해석을 조정하는 질문 제공 / 생활 장면을 묻는 본문 0개 · 거절 반영 False / 서로 다른 행동 1개 · 언제/확인/대안 True / 실행 카드와 마무리 함께 제공 / 이야기 순서 True · 본문 2개
R13:health:hook,R13,100,,,,,전문 표현 0개 · 85자 초과 0개 / 출처/계산 근거 필드 확인 / 5단 응답 흐름 / 기존 출력 가드 검사
R13:health:daily,R13,100,,,,,전문 표현 0개 · 85자 초과 0개 / 출처/계산 근거 필드 확인 / 하루의 실행 카드 / 기존 출력 가드 검사
R13:health:summary,R13,80,,,,경험 확인 장면 / 완결과 가져갈 것,노출 전문 표현 0개 · 85자 초과 문장 0개 / 핵심 결론 1개 중 접힌 근거 1개 / 답변으로 해석을 조정하는 질문 제공 / 생활 장면을 묻는 본문 0개 · 거절 반영 False / 서로 다른 행동 1개 · 언제/확인/대안 True / 실행 카드와 마무리 함께 제공 / 이야기 순서 True · 본문 2개
R14:work:hook,R14,100,,,,,전문 표현 0개 · 85자 초과 0개 / 출처/계산 근거 필드 확인 / 5단 응답 흐름 / 기존 출력 가드 검사
R14:work:daily,R14,100,,,,,전문 표현 0개 · 85자 초과 0개 / 출처/계산 근거 필드 확인 / 하루의 실행 카드 / 기존 출력 가드 검사
R14:work:summary,R14,80,,,,경험 확인 장면 / 완결과 가져갈 것,노출 전문 표현 0개 · 85자 초과 문장 0개 / 핵심 결론 1개 중 접힌 근거 1개 / 답변으로 해석을 조정하는 질문 제공 / 생활 장면을 묻는 본문 0개 · 거절 반영 False / 서로 다른 행동 1개 · 언제/확인/대안 True / 실행 카드와 마무리 함께 제공 / 이야기 순서 True · 본문 2개
R14:money:hook,R14,100,,,,,전문 표현 0개 · 85자 초과 0개 / 출처/계산 근거 필드 확인 / 5단 응답 흐름 / 기존 출력 가드 검사
R14:money:daily,R14,100,,,,,전문 표현 0개 · 85자 초과 0개 / 출처/계산 근거 필드 확인 / 하루의 실행 카드 / 기존 출력 가드 검사
R14:money:summary,R14,80,,,,경험 확인 장면 / 완결과 가져갈 것,노출 전문 표현 0개 · 85자 초과 문장 0개 / 핵심 결론 1개 중 접힌 근거 1개 / 답변으로 해석을 조정하는 질문 제공 / 생활 장면을 묻는 본문 0개 · 거절 반영 False / 서로 다른 행동 1개 · 언제/확인/대안 True / 실행 카드와 마무리 함께 제공 / 이야기 순서 True · 본문 2개
R14:love:hook,R14,100,,,,,전문 표현 0개 · 85자 초과 0개 / 출처/계산 근거 필드 확인 / 5단 응답 흐름 / 기존 출력 가드 검사
R14:love:daily,R14,100,,,,,전문 표현 0개 · 85자 초과 0개 / 출처/계산 근거 필드 확인 / 하루의 실행 카드 / 기존 출력 가드 검사
R14:love:summary,R14,80,,,,경험 확인 장면 / 완결과 가져갈 것,노출 전문 표현 0개 · 85자 초과 문장 0개 / 핵심 결론 1개 중 접힌 근거 1개 / 답변으로 해석을 조정하는 질문 제공 / 생활 장면을 묻는 본문 0개 · 거절 반영 False / 서로 다른 행동 1개 · 언제/확인/대안 True / 실행 카드와 마무리 함께 제공 / 이야기 순서 True · 본문 2개
R14:people:hook,R14,100,,,,,전문 표현 0개 · 85자 초과 0개 / 출처/계산 근거 필드 확인 / 5단 응답 흐름 / 기존 출력 가드 검사
R14:people:daily,R14,100,,,,,전문 표현 0개 · 85자 초과 0개 / 출처/계산 근거 필드 확인 / 하루의 실행 카드 / 기존 출력 가드 검사
R14:people:summary,R14,80,,,,경험 확인 장면 / 완결과 가져갈 것,노출 전문 표현 0개 · 85자 초과 문장 0개 / 핵심 결론 1개 중 접힌 근거 1개 / 답변으로 해석을 조정하는 질문 제공 / 생활 장면을 묻는 본문 0개 · 거절 반영 False / 서로 다른 행동 1개 · 언제/확인/대안 True / 실행 카드와 마무리 함께 제공 / 이야기 순서 True · 본문 2개
R14:dir:hook,R14,100,,,,,전문 표현 0개 · 85자 초과 0개 / 출처/계산 근거 필드 확인 / 5단 응답 흐름 / 기존 출력 가드 검사
R14:dir:daily,R14,100,,,,,전문 표현 0개 · 85자 초과 0개 / 출처/계산 근거 필드 확인 / 하루의 실행 카드 / 기존 출력 가드 검사
R14:dir:summary,R14,80,,,,경험 확인 장면 / 완결과 가져갈 것,노출 전문 표현 0개 · 85자 초과 문장 0개 / 핵심 결론 1개 중 접힌 근거 1개 / 답변으로 해석을 조정하는 질문 제공 / 생활 장면을 묻는 본문 0개 · 거절 반영 False / 서로 다른 행동 1개 · 언제/확인/대안 True / 실행 카드와 마무리 함께 제공 / 이야기 순서 True · 본문 2개
R14:health:hook,R14,100,,,,,전문 표현 0개 · 85자 초과 0개 / 출처/계산 근거 필드 확인 / 5단 응답 흐름 / 기존 출력 가드 검사
R14:health:daily,R14,100,,,,,전문 표현 0개 · 85자 초과 0개 / 출처/계산 근거 필드 확인 / 하루의 실행 카드 / 기존 출력 가드 검사
R14:health:summary,R14,88,,,,경험 확인 장면 / 완결과 가져갈 것,노출 전문 표현 0개 · 85자 초과 문장 0개 / 핵심 결론 1개 중 접힌 근거 1개 / 답변으로 해석을 조정하는 질문 제공 / 생활 장면을 묻는 본문 1개 · 거절 반영 False / 서로 다른 행동 1개 · 언제/확인/대안 True / 실행 카드와 마무리 함께 제공 / 이야기 순서 True · 본문 2개
R15:work:hook,R15,100,,,,,전문 표현 0개 · 85자 초과 0개 / 출처/계산 근거 필드 확인 / 5단 응답 흐름 / 기존 출력 가드 검사
R15:work:daily,R15,100,,,,,전문 표현 0개 · 85자 초과 0개 / 출처/계산 근거 필드 확인 / 하루의 실행 카드 / 기존 출력 가드 검사
R15:work:summary,R15,88,,,,경험 확인 장면 / 완결과 가져갈 것,노출 전문 표현 0개 · 85자 초과 문장 0개 / 핵심 결론 1개 중 접힌 근거 1개 / 답변으로 해석을 조정하는 질문 제공 / 생활 장면을 묻는 본문 1개 · 거절 반영 False / 서로 다른 행동 1개 · 언제/확인/대안 True / 실행 카드와 마무리 함께 제공 / 이야기 순서 True · 본문 2개
R15:money:hook,R15,100,,,,,전문 표현 0개 · 85자 초과 0개 / 출처/계산 근거 필드 확인 / 5단 응답 흐름 / 기존 출력 가드 검사
R15:money:daily,R15,100,,,,,전문 표현 0개 · 85자 초과 0개 / 출처/계산 근거 필드 확인 / 하루의 실행 카드 / 기존 출력 가드 검사
R15:money:summary,R15,88,,,,경험 확인 장면 / 완결과 가져갈 것,노출 전문 표현 0개 · 85자 초과 문장 0개 / 핵심 결론 1개 중 접힌 근거 1개 / 답변으로 해석을 조정하는 질문 제공 / 생활 장면을 묻는 본문 1개 · 거절 반영 False / 서로 다른 행동 1개 · 언제/확인/대안 True / 실행 카드와 마무리 함께 제공 / 이야기 순서 True · 본문 2개
R15:love:hook,R15,100,,,,,전문 표현 0개 · 85자 초과 0개 / 출처/계산 근거 필드 확인 / 5단 응답 흐름 / 기존 출력 가드 검사
R15:love:daily,R15,100,,,,,전문 표현 0개 · 85자 초과 0개 / 출처/계산 근거 필드 확인 / 하루의 실행 카드 / 기존 출력 가드 검사
R15:love:summary,R15,80,,,,경험 확인 장면 / 완결과 가져갈 것,노출 전문 표현 0개 · 85자 초과 문장 0개 / 핵심 결론 1개 중 접힌 근거 1개 / 답변으로 해석을 조정하는 질문 제공 / 생활 장면을 묻는 본문 0개 · 거절 반영 False / 서로 다른 행동 1개 · 언제/확인/대안 True / 실행 카드와 마무리 함께 제공 / 이야기 순서 True · 본문 2개
R15:people:hook,R15,100,,,,,전문 표현 0개 · 85자 초과 0개 / 출처/계산 근거 필드 확인 / 5단 응답 흐름 / 기존 출력 가드 검사
R15:people:daily,R15,100,,,,,전문 표현 0개 · 85자 초과 0개 / 출처/계산 근거 필드 확인 / 하루의 실행 카드 / 기존 출력 가드 검사
R15:people:summary,R15,80,,,,경험 확인 장면 / 완결과 가져갈 것,노출 전문 표현 0개 · 85자 초과 문장 0개 / 핵심 결론 1개 중 접힌 근거 1개 / 답변으로 해석을 조정하는 질문 제공 / 생활 장면을 묻는 본문 0개 · 거절 반영 False / 서로 다른 행동 1개 · 언제/확인/대안 True / 실행 카드와 마무리 함께 제공 / 이야기 순서 True · 본문 2개
R15:dir:hook,R15,100,,,,,전문 표현 0개 · 85자 초과 0개 / 출처/계산 근거 필드 확인 / 5단 응답 흐름 / 기존 출력 가드 검사
R15:dir:daily,R15,100,,,,,전문 표현 0개 · 85자 초과 0개 / 출처/계산 근거 필드 확인 / 하루의 실행 카드 / 기존 출력 가드 검사
R15:dir:summary,R15,80,,,,경험 확인 장면 / 완결과 가져갈 것,노출 전문 표현 0개 · 85자 초과 문장 0개 / 핵심 결론 1개 중 접힌 근거 1개 / 답변으로 해석을 조정하는 질문 제공 / 생활 장면을 묻는 본문 0개 · 거절 반영 False / 서로 다른 행동 1개 · 언제/확인/대안 True / 실행 카드와 마무리 함께 제공 / 이야기 순서 True · 본문 2개
R15:health:hook,R15,100,,,,,전문 표현 0개 · 85자 초과 0개 / 출처/계산 근거 필드 확인 / 5단 응답 흐름 / 기존 출력 가드 검사
R15:health:daily,R15,100,,,,,전문 표현 0개 · 85자 초과 0개 / 출처/계산 근거 필드 확인 / 하루의 실행 카드 / 기존 출력 가드 검사
R15:health:summary,R15,80,,,,경험 확인 장면 / 완결과 가져갈 것,노출 전문 표현 0개 · 85자 초과 문장 0개 / 핵심 결론 1개 중 접힌 근거 1개 / 답변으로 해석을 조정하는 질문 제공 / 생활 장면을 묻는 본문 0개 · 거절 반영 False / 서로 다른 행동 1개 · 언제/확인/대안 True / 실행 카드와 마무리 함께 제공 / 이야기 순서 True · 본문 2개
R16:work:hook,R16,100,,,,,전문 표현 0개 · 85자 초과 0개 / 출처/계산 근거 필드 확인 / 5단 응답 흐름 / 기존 출력 가드 검사
R16:work:daily,R16,100,,,,,전문 표현 0개 · 85자 초과 0개 / 출처/계산 근거 필드 확인 / 하루의 실행 카드 / 기존 출력 가드 검사
R16:work:summary,R16,80,,,,경험 확인 장면 / 완결과 가져갈 것,노출 전문 표현 0개 · 85자 초과 문장 0개 / 핵심 결론 1개 중 접힌 근거 1개 / 답변으로 해석을 조정하는 질문 제공 / 생활 장면을 묻는 본문 0개 · 거절 반영 False / 서로 다른 행동 1개 · 언제/확인/대안 True / 실행 카드와 마무리 함께 제공 / 이야기 순서 True · 본문 2개
R16:money:hook,R16,100,,,,,전문 표현 0개 · 85자 초과 0개 / 출처/계산 근거 필드 확인 / 5단 응답 흐름 / 기존 출력 가드 검사
R16:money:daily,R16,100,,,,,전문 표현 0개 · 85자 초과 0개 / 출처/계산 근거 필드 확인 / 하루의 실행 카드 / 기존 출력 가드 검사
R16:money:summary,R16,88,,,,경험 확인 장면 / 완결과 가져갈 것,노출 전문 표현 0개 · 85자 초과 문장 0개 / 핵심 결론 1개 중 접힌 근거 1개 / 답변으로 해석을 조정하는 질문 제공 / 생활 장면을 묻는 본문 1개 · 거절 반영 False / 서로 다른 행동 1개 · 언제/확인/대안 True / 실행 카드와 마무리 함께 제공 / 이야기 순서 True · 본문 2개
R16:love:hook,R16,100,,,,,전문 표현 0개 · 85자 초과 0개 / 출처/계산 근거 필드 확인 / 5단 응답 흐름 / 기존 출력 가드 검사
R16:love:daily,R16,100,,,,,전문 표현 0개 · 85자 초과 0개 / 출처/계산 근거 필드 확인 / 하루의 실행 카드 / 기존 출력 가드 검사
R16:love:summary,R16,80,,,,경험 확인 장면 / 완결과 가져갈 것,노출 전문 표현 0개 · 85자 초과 문장 0개 / 핵심 결론 1개 중 접힌 근거 1개 / 답변으로 해석을 조정하는 질문 제공 / 생활 장면을 묻는 본문 0개 · 거절 반영 False / 서로 다른 행동 1개 · 언제/확인/대안 True / 실행 카드와 마무리 함께 제공 / 이야기 순서 True · 본문 2개
R16:people:hook,R16,100,,,,,전문 표현 0개 · 85자 초과 0개 / 출처/계산 근거 필드 확인 / 5단 응답 흐름 / 기존 출력 가드 검사
R16:people:daily,R16,100,,,,,전문 표현 0개 · 85자 초과 0개 / 출처/계산 근거 필드 확인 / 하루의 실행 카드 / 기존 출력 가드 검사
R16:people:summary,R16,80,,,,경험 확인 장면 / 완결과 가져갈 것,노출 전문 표현 0개 · 85자 초과 문장 0개 / 핵심 결론 1개 중 접힌 근거 1개 / 답변으로 해석을 조정하는 질문 제공 / 생활 장면을 묻는 본문 0개 · 거절 반영 False / 서로 다른 행동 1개 · 언제/확인/대안 True / 실행 카드와 마무리 함께 제공 / 이야기 순서 True · 본문 2개
R16:dir:hook,R16,100,,,,,전문 표현 0개 · 85자 초과 0개 / 출처/계산 근거 필드 확인 / 5단 응답 흐름 / 기존 출력 가드 검사
R16:dir:daily,R16,100,,,,,전문 표현 0개 · 85자 초과 0개 / 출처/계산 근거 필드 확인 / 하루의 실행 카드 / 기존 출력 가드 검사
R16:dir:summary,R16,80,,,,경험 확인 장면 / 완결과 가져갈 것,노출 전문 표현 0개 · 85자 초과 문장 0개 / 핵심 결론 1개 중 접힌 근거 1개 / 답변으로 해석을 조정하는 질문 제공 / 생활 장면을 묻는 본문 0개 · 거절 반영 False / 서로 다른 행동 1개 · 언제/확인/대안 True / 실행 카드와 마무리 함께 제공 / 이야기 순서 True · 본문 2개
R16:health:hook,R16,100,,,,,전문 표현 0개 · 85자 초과 0개 / 출처/계산 근거 필드 확인 / 5단 응답 흐름 / 기존 출력 가드 검사
R16:health:daily,R16,100,,,,,전문 표현 0개 · 85자 초과 0개 / 출처/계산 근거 필드 확인 / 하루의 실행 카드 / 기존 출력 가드 검사
R16:health:summary,R16,88,,,,경험 확인 장면 / 완결과 가져갈 것,노출 전문 표현 0개 · 85자 초과 문장 0개 / 핵심 결론 1개 중 접힌 근거 1개 / 답변으로 해석을 조정하는 질문 제공 / 생활 장면을 묻는 본문 1개 · 거절 반영 False / 서로 다른 행동 1개 · 언제/확인/대안 True / 실행 카드와 마무리 함께 제공 / 이야기 순서 True · 본문 2개
R17:work:hook,R17,100,,,,,전문 표현 0개 · 85자 초과 0개 / 출처/계산 근거 필드 확인 / 5단 응답 흐름 / 기존 출력 가드 검사
R17:work:daily,R17,100,,,,,전문 표현 0개 · 85자 초과 0개 / 출처/계산 근거 필드 확인 / 하루의 실행 카드 / 기존 출력 가드 검사
R17:work:summary,R17,80,,,,경험 확인 장면 / 완결과 가져갈 것,노출 전문 표현 0개 · 85자 초과 문장 0개 / 핵심 결론 1개 중 접힌 근거 1개 / 답변으로 해석을 조정하는 질문 제공 / 생활 장면을 묻는 본문 0개 · 거절 반영 False / 서로 다른 행동 1개 · 언제/확인/대안 True / 실행 카드와 마무리 함께 제공 / 이야기 순서 True · 본문 2개
R17:money:hook,R17,100,,,,,전문 표현 0개 · 85자 초과 0개 / 출처/계산 근거 필드 확인 / 5단 응답 흐름 / 기존 출력 가드 검사
R17:money:daily,R17,100,,,,,전문 표현 0개 · 85자 초과 0개 / 출처/계산 근거 필드 확인 / 하루의 실행 카드 / 기존 출력 가드 검사
R17:money:summary,R17,88,,,,경험 확인 장면 / 완결과 가져갈 것,노출 전문 표현 0개 · 85자 초과 문장 0개 / 핵심 결론 1개 중 접힌 근거 1개 / 답변으로 해석을 조정하는 질문 제공 / 생활 장면을 묻는 본문 1개 · 거절 반영 False / 서로 다른 행동 1개 · 언제/확인/대안 True / 실행 카드와 마무리 함께 제공 / 이야기 순서 True · 본문 2개
R17:love:hook,R17,100,,,,,전문 표현 0개 · 85자 초과 0개 / 출처/계산 근거 필드 확인 / 5단 응답 흐름 / 기존 출력 가드 검사
R17:love:daily,R17,100,,,,,전문 표현 0개 · 85자 초과 0개 / 출처/계산 근거 필드 확인 / 하루의 실행 카드 / 기존 출력 가드 검사
R17:love:summary,R17,80,,,,경험 확인 장면 / 완결과 가져갈 것,노출 전문 표현 0개 · 85자 초과 문장 0개 / 핵심 결론 1개 중 접힌 근거 1개 / 답변으로 해석을 조정하는 질문 제공 / 생활 장면을 묻는 본문 0개 · 거절 반영 False / 서로 다른 행동 1개 · 언제/확인/대안 True / 실행 카드와 마무리 함께 제공 / 이야기 순서 True · 본문 2개
R17:people:hook,R17,100,,,,,전문 표현 0개 · 85자 초과 0개 / 출처/계산 근거 필드 확인 / 5단 응답 흐름 / 기존 출력 가드 검사
R17:people:daily,R17,100,,,,,전문 표현 0개 · 85자 초과 0개 / 출처/계산 근거 필드 확인 / 하루의 실행 카드 / 기존 출력 가드 검사
R17:people:summary,R17,80,,,,경험 확인 장면 / 완결과 가져갈 것,노출 전문 표현 0개 · 85자 초과 문장 0개 / 핵심 결론 1개 중 접힌 근거 1개 / 답변으로 해석을 조정하는 질문 제공 / 생활 장면을 묻는 본문 0개 · 거절 반영 False / 서로 다른 행동 1개 · 언제/확인/대안 True / 실행 카드와 마무리 함께 제공 / 이야기 순서 True · 본문 2개
R17:dir:hook,R17,100,,,,,전문 표현 0개 · 85자 초과 0개 / 출처/계산 근거 필드 확인 / 5단 응답 흐름 / 기존 출력 가드 검사
R17:dir:daily,R17,100,,,,,전문 표현 0개 · 85자 초과 0개 / 출처/계산 근거 필드 확인 / 하루의 실행 카드 / 기존 출력 가드 검사
R17:dir:summary,R17,80,,,,경험 확인 장면 / 완결과 가져갈 것,노출 전문 표현 0개 · 85자 초과 문장 0개 / 핵심 결론 1개 중 접힌 근거 1개 / 답변으로 해석을 조정하는 질문 제공 / 생활 장면을 묻는 본문 0개 · 거절 반영 False / 서로 다른 행동 1개 · 언제/확인/대안 True / 실행 카드와 마무리 함께 제공 / 이야기 순서 True · 본문 2개
R17:health:hook,R17,100,,,,,전문 표현 0개 · 85자 초과 0개 / 출처/계산 근거 필드 확인 / 5단 응답 흐름 / 기존 출력 가드 검사
R17:health:daily,R17,100,,,,,전문 표현 0개 · 85자 초과 0개 / 출처/계산 근거 필드 확인 / 하루의 실행 카드 / 기존 출력 가드 검사
R17:health:summary,R17,85,,,,완결과 가져갈 것 / 읽을 순서,노출 전문 표현 0개 · 85자 초과 문장 0개 / 핵심 결론 0개 중 접힌 근거 0개 / 답변으로 해석을 조정하는 질문 제공 / 생활 장면을 묻는 본문 0개 · 거절 반영 False / 서로 다른 행동 0개 · 언제/확인/대안 True / 실행 카드와 마무리 함께 제공 / 이야기 순서 True · 본문 1개
R18:work:hook,R18,100,,,,,전문 표현 0개 · 85자 초과 0개 / 출처/계산 근거 필드 확인 / 5단 응답 흐름 / 기존 출력 가드 검사
R18:work:daily,R18,100,,,,,전문 표현 0개 · 85자 초과 0개 / 출처/계산 근거 필드 확인 / 하루의 실행 카드 / 기존 출력 가드 검사
R18:work:summary,R18,80,,,,경험 확인 장면 / 완결과 가져갈 것,노출 전문 표현 0개 · 85자 초과 문장 0개 / 핵심 결론 1개 중 접힌 근거 1개 / 답변으로 해석을 조정하는 질문 제공 / 생활 장면을 묻는 본문 0개 · 거절 반영 False / 서로 다른 행동 1개 · 언제/확인/대안 True / 실행 카드와 마무리 함께 제공 / 이야기 순서 True · 본문 2개
R18:money:hook,R18,100,,,,,전문 표현 0개 · 85자 초과 0개 / 출처/계산 근거 필드 확인 / 5단 응답 흐름 / 기존 출력 가드 검사
R18:money:daily,R18,100,,,,,전문 표현 0개 · 85자 초과 0개 / 출처/계산 근거 필드 확인 / 하루의 실행 카드 / 기존 출력 가드 검사
R18:money:summary,R18,88,,,,경험 확인 장면 / 완결과 가져갈 것,노출 전문 표현 0개 · 85자 초과 문장 0개 / 핵심 결론 1개 중 접힌 근거 1개 / 답변으로 해석을 조정하는 질문 제공 / 생활 장면을 묻는 본문 1개 · 거절 반영 False / 서로 다른 행동 1개 · 언제/확인/대안 True / 실행 카드와 마무리 함께 제공 / 이야기 순서 True · 본문 2개
R18:love:hook,R18,100,,,,,전문 표현 0개 · 85자 초과 0개 / 출처/계산 근거 필드 확인 / 5단 응답 흐름 / 기존 출력 가드 검사
R18:love:daily,R18,100,,,,,전문 표현 0개 · 85자 초과 0개 / 출처/계산 근거 필드 확인 / 하루의 실행 카드 / 기존 출력 가드 검사
R18:love:summary,R18,80,,,,경험 확인 장면 / 완결과 가져갈 것,노출 전문 표현 0개 · 85자 초과 문장 0개 / 핵심 결론 1개 중 접힌 근거 1개 / 답변으로 해석을 조정하는 질문 제공 / 생활 장면을 묻는 본문 0개 · 거절 반영 False / 서로 다른 행동 1개 · 언제/확인/대안 True / 실행 카드와 마무리 함께 제공 / 이야기 순서 True · 본문 2개
R18:people:hook,R18,100,,,,,전문 표현 0개 · 85자 초과 0개 / 출처/계산 근거 필드 확인 / 5단 응답 흐름 / 기존 출력 가드 검사
R18:people:daily,R18,100,,,,,전문 표현 0개 · 85자 초과 0개 / 출처/계산 근거 필드 확인 / 하루의 실행 카드 / 기존 출력 가드 검사
R18:people:summary,R18,80,,,,경험 확인 장면 / 완결과 가져갈 것,노출 전문 표현 0개 · 85자 초과 문장 0개 / 핵심 결론 1개 중 접힌 근거 1개 / 답변으로 해석을 조정하는 질문 제공 / 생활 장면을 묻는 본문 0개 · 거절 반영 False / 서로 다른 행동 1개 · 언제/확인/대안 True / 실행 카드와 마무리 함께 제공 / 이야기 순서 True · 본문 2개
R18:dir:hook,R18,100,,,,,전문 표현 0개 · 85자 초과 0개 / 출처/계산 근거 필드 확인 / 5단 응답 흐름 / 기존 출력 가드 검사
R18:dir:daily,R18,100,,,,,전문 표현 0개 · 85자 초과 0개 / 출처/계산 근거 필드 확인 / 하루의 실행 카드 / 기존 출력 가드 검사
R18:dir:summary,R18,80,,,,경험 확인 장면 / 완결과 가져갈 것,노출 전문 표현 0개 · 85자 초과 문장 0개 / 핵심 결론 1개 중 접힌 근거 1개 / 답변으로 해석을 조정하는 질문 제공 / 생활 장면을 묻는 본문 0개 · 거절 반영 False / 서로 다른 행동 1개 · 언제/확인/대안 True / 실행 카드와 마무리 함께 제공 / 이야기 순서 True · 본문 2개
R18:health:hook,R18,100,,,,,전문 표현 0개 · 85자 초과 0개 / 출처/계산 근거 필드 확인 / 5단 응답 흐름 / 기존 출력 가드 검사
R18:health:daily,R18,100,,,,,전문 표현 0개 · 85자 초과 0개 / 출처/계산 근거 필드 확인 / 하루의 실행 카드 / 기존 출력 가드 검사
R18:health:summary,R18,85,,,,완결과 가져갈 것 / 읽을 순서,노출 전문 표현 0개 · 85자 초과 문장 0개 / 핵심 결론 0개 중 접힌 근거 0개 / 답변으로 해석을 조정하는 질문 제공 / 생활 장면을 묻는 본문 0개 · 거절 반영 False / 서로 다른 행동 0개 · 언제/확인/대안 True / 실행 카드와 마무리 함께 제공 / 이야기 순서 True · 본문 1개
R19:work:hook,R19,100,,,,,전문 표현 0개 · 85자 초과 0개 / 출처/계산 근거 필드 확인 / 5단 응답 흐름 / 기존 출력 가드 검사
R19:work:daily,R19,100,,,,,전문 표현 0개 · 85자 초과 0개 / 출처/계산 근거 필드 확인 / 하루의 실행 카드 / 기존 출력 가드 검사
R19:work:summary,R19,88,,,,경험 확인 장면 / 완결과 가져갈 것,노출 전문 표현 0개 · 85자 초과 문장 0개 / 핵심 결론 1개 중 접힌 근거 1개 / 답변으로 해석을 조정하는 질문 제공 / 생활 장면을 묻는 본문 1개 · 거절 반영 False / 서로 다른 행동 1개 · 언제/확인/대안 True / 실행 카드와 마무리 함께 제공 / 이야기 순서 True · 본문 2개
R19:money:hook,R19,100,,,,,전문 표현 0개 · 85자 초과 0개 / 출처/계산 근거 필드 확인 / 5단 응답 흐름 / 기존 출력 가드 검사
R19:money:daily,R19,100,,,,,전문 표현 0개 · 85자 초과 0개 / 출처/계산 근거 필드 확인 / 하루의 실행 카드 / 기존 출력 가드 검사
R19:money:summary,R19,80,,,,경험 확인 장면 / 완결과 가져갈 것,노출 전문 표현 0개 · 85자 초과 문장 0개 / 핵심 결론 1개 중 접힌 근거 1개 / 답변으로 해석을 조정하는 질문 제공 / 생활 장면을 묻는 본문 0개 · 거절 반영 False / 서로 다른 행동 1개 · 언제/확인/대안 True / 실행 카드와 마무리 함께 제공 / 이야기 순서 True · 본문 2개
R19:love:hook,R19,100,,,,,전문 표현 0개 · 85자 초과 0개 / 출처/계산 근거 필드 확인 / 5단 응답 흐름 / 기존 출력 가드 검사
R19:love:daily,R19,100,,,,,전문 표현 0개 · 85자 초과 0개 / 출처/계산 근거 필드 확인 / 하루의 실행 카드 / 기존 출력 가드 검사
R19:love:summary,R19,80,,,,경험 확인 장면 / 완결과 가져갈 것,노출 전문 표현 0개 · 85자 초과 문장 0개 / 핵심 결론 1개 중 접힌 근거 1개 / 답변으로 해석을 조정하는 질문 제공 / 생활 장면을 묻는 본문 0개 · 거절 반영 False / 서로 다른 행동 1개 · 언제/확인/대안 True / 실행 카드와 마무리 함께 제공 / 이야기 순서 True · 본문 2개
R19:people:hook,R19,100,,,,,전문 표현 0개 · 85자 초과 0개 / 출처/계산 근거 필드 확인 / 5단 응답 흐름 / 기존 출력 가드 검사
R19:people:daily,R19,100,,,,,전문 표현 0개 · 85자 초과 0개 / 출처/계산 근거 필드 확인 / 하루의 실행 카드 / 기존 출력 가드 검사
R19:people:summary,R19,80,,,,경험 확인 장면 / 완결과 가져갈 것,노출 전문 표현 0개 · 85자 초과 문장 0개 / 핵심 결론 1개 중 접힌 근거 1개 / 답변으로 해석을 조정하는 질문 제공 / 생활 장면을 묻는 본문 0개 · 거절 반영 False / 서로 다른 행동 1개 · 언제/확인/대안 True / 실행 카드와 마무리 함께 제공 / 이야기 순서 True · 본문 2개
R19:dir:hook,R19,100,,,,,전문 표현 0개 · 85자 초과 0개 / 출처/계산 근거 필드 확인 / 5단 응답 흐름 / 기존 출력 가드 검사
R19:dir:daily,R19,100,,,,,전문 표현 0개 · 85자 초과 0개 / 출처/계산 근거 필드 확인 / 하루의 실행 카드 / 기존 출력 가드 검사
R19:dir:summary,R19,80,,,,경험 확인 장면 / 완결과 가져갈 것,노출 전문 표현 0개 · 85자 초과 문장 0개 / 핵심 결론 1개 중 접힌 근거 1개 / 답변으로 해석을 조정하는 질문 제공 / 생활 장면을 묻는 본문 0개 · 거절 반영 False / 서로 다른 행동 1개 · 언제/확인/대안 True / 실행 카드와 마무리 함께 제공 / 이야기 순서 True · 본문 2개
R19:health:hook,R19,100,,,,,전문 표현 0개 · 85자 초과 0개 / 출처/계산 근거 필드 확인 / 5단 응답 흐름 / 기존 출력 가드 검사
R19:health:daily,R19,100,,,,,전문 표현 0개 · 85자 초과 0개 / 출처/계산 근거 필드 확인 / 하루의 실행 카드 / 기존 출력 가드 검사
R19:health:summary,R19,80,,,,경험 확인 장면 / 완결과 가져갈 것,노출 전문 표현 0개 · 85자 초과 문장 0개 / 핵심 결론 1개 중 접힌 근거 1개 / 답변으로 해석을 조정하는 질문 제공 / 생활 장면을 묻는 본문 0개 · 거절 반영 False / 서로 다른 행동 1개 · 언제/확인/대안 True / 실행 카드와 마무리 함께 제공 / 이야기 순서 True · 본문 2개
R20:work:hook,R20,100,,,,,전문 표현 0개 · 85자 초과 0개 / 출처/계산 근거 필드 확인 / 5단 응답 흐름 / 기존 출력 가드 검사
R20:work:daily,R20,100,,,,,전문 표현 0개 · 85자 초과 0개 / 출처/계산 근거 필드 확인 / 하루의 실행 카드 / 기존 출력 가드 검사
R20:work:summary,R20,88,,,,경험 확인 장면 / 완결과 가져갈 것,노출 전문 표현 0개 · 85자 초과 문장 0개 / 핵심 결론 1개 중 접힌 근거 1개 / 답변으로 해석을 조정하는 질문 제공 / 생활 장면을 묻는 본문 1개 · 거절 반영 False / 서로 다른 행동 1개 · 언제/확인/대안 True / 실행 카드와 마무리 함께 제공 / 이야기 순서 True · 본문 2개
R20:money:hook,R20,100,,,,,전문 표현 0개 · 85자 초과 0개 / 출처/계산 근거 필드 확인 / 5단 응답 흐름 / 기존 출력 가드 검사
R20:money:daily,R20,100,,,,,전문 표현 0개 · 85자 초과 0개 / 출처/계산 근거 필드 확인 / 하루의 실행 카드 / 기존 출력 가드 검사
R20:money:summary,R20,85,,,,완결과 가져갈 것 / 읽을 순서,노출 전문 표현 0개 · 85자 초과 문장 0개 / 핵심 결론 0개 중 접힌 근거 0개 / 답변으로 해석을 조정하는 질문 제공 / 생활 장면을 묻는 본문 0개 · 거절 반영 False / 서로 다른 행동 0개 · 언제/확인/대안 True / 실행 카드와 마무리 함께 제공 / 이야기 순서 True · 본문 1개
R20:love:hook,R20,100,,,,,전문 표현 0개 · 85자 초과 0개 / 출처/계산 근거 필드 확인 / 5단 응답 흐름 / 기존 출력 가드 검사
R20:love:daily,R20,100,,,,,전문 표현 0개 · 85자 초과 0개 / 출처/계산 근거 필드 확인 / 하루의 실행 카드 / 기존 출력 가드 검사
R20:love:summary,R20,80,,,,경험 확인 장면 / 완결과 가져갈 것,노출 전문 표현 0개 · 85자 초과 문장 0개 / 핵심 결론 1개 중 접힌 근거 1개 / 답변으로 해석을 조정하는 질문 제공 / 생활 장면을 묻는 본문 0개 · 거절 반영 False / 서로 다른 행동 1개 · 언제/확인/대안 True / 실행 카드와 마무리 함께 제공 / 이야기 순서 True · 본문 2개
R20:people:hook,R20,100,,,,,전문 표현 0개 · 85자 초과 0개 / 출처/계산 근거 필드 확인 / 5단 응답 흐름 / 기존 출력 가드 검사
R20:people:daily,R20,100,,,,,전문 표현 0개 · 85자 초과 0개 / 출처/계산 근거 필드 확인 / 하루의 실행 카드 / 기존 출력 가드 검사
R20:people:summary,R20,80,,,,경험 확인 장면 / 완결과 가져갈 것,노출 전문 표현 0개 · 85자 초과 문장 0개 / 핵심 결론 1개 중 접힌 근거 1개 / 답변으로 해석을 조정하는 질문 제공 / 생활 장면을 묻는 본문 0개 · 거절 반영 False / 서로 다른 행동 1개 · 언제/확인/대안 True / 실행 카드와 마무리 함께 제공 / 이야기 순서 True · 본문 2개
R20:dir:hook,R20,100,,,,,전문 표현 0개 · 85자 초과 0개 / 출처/계산 근거 필드 확인 / 5단 응답 흐름 / 기존 출력 가드 검사
R20:dir:daily,R20,100,,,,,전문 표현 0개 · 85자 초과 0개 / 출처/계산 근거 필드 확인 / 하루의 실행 카드 / 기존 출력 가드 검사
R20:dir:summary,R20,88,,,,경험 확인 장면 / 완결과 가져갈 것,노출 전문 표현 0개 · 85자 초과 문장 0개 / 핵심 결론 1개 중 접힌 근거 1개 / 답변으로 해석을 조정하는 질문 제공 / 생활 장면을 묻는 본문 1개 · 거절 반영 False / 서로 다른 행동 1개 · 언제/확인/대안 True / 실행 카드와 마무리 함께 제공 / 이야기 순서 True · 본문 2개
R20:health:hook,R20,100,,,,,전문 표현 0개 · 85자 초과 0개 / 출처/계산 근거 필드 확인 / 5단 응답 흐름 / 기존 출력 가드 검사
R20:health:daily,R20,100,,,,,전문 표현 0개 · 85자 초과 0개 / 출처/계산 근거 필드 확인 / 하루의 실행 카드 / 기존 출력 가드 검사
R20:health:summary,R20,88,,,,경험 확인 장면 / 완결과 가져갈 것,노출 전문 표현 0개 · 85자 초과 문장 0개 / 핵심 결론 1개 중 접힌 근거 1개 / 답변으로 해석을 조정하는 질문 제공 / 생활 장면을 묻는 본문 1개 · 거절 반영 False / 서로 다른 행동 1개 · 언제/확인/대안 True / 실행 카드와 마무리 함께 제공 / 이야기 순서 True · 본문 2개
R21:work:hook,R21,100,,,,,전문 표현 0개 · 85자 초과 0개 / 출처/계산 근거 필드 확인 / 5단 응답 흐름 / 기존 출력 가드 검사
R21:work:daily,R21,100,,,,,전문 표현 0개 · 85자 초과 0개 / 출처/계산 근거 필드 확인 / 하루의 실행 카드 / 기존 출력 가드 검사
R21:work:summary,R21,80,,,,경험 확인 장면 / 완결과 가져갈 것,노출 전문 표현 0개 · 85자 초과 문장 0개 / 핵심 결론 1개 중 접힌 근거 1개 / 답변으로 해석을 조정하는 질문 제공 / 생활 장면을 묻는 본문 0개 · 거절 반영 False / 서로 다른 행동 1개 · 언제/확인/대안 True / 실행 카드와 마무리 함께 제공 / 이야기 순서 True · 본문 2개
R21:money:hook,R21,100,,,,,전문 표현 0개 · 85자 초과 0개 / 출처/계산 근거 필드 확인 / 5단 응답 흐름 / 기존 출력 가드 검사
R21:money:daily,R21,100,,,,,전문 표현 0개 · 85자 초과 0개 / 출처/계산 근거 필드 확인 / 하루의 실행 카드 / 기존 출력 가드 검사
R21:money:summary,R21,80,,,,경험 확인 장면 / 완결과 가져갈 것,노출 전문 표현 0개 · 85자 초과 문장 0개 / 핵심 결론 1개 중 접힌 근거 1개 / 답변으로 해석을 조정하는 질문 제공 / 생활 장면을 묻는 본문 0개 · 거절 반영 False / 서로 다른 행동 1개 · 언제/확인/대안 True / 실행 카드와 마무리 함께 제공 / 이야기 순서 True · 본문 2개
R21:love:hook,R21,100,,,,,전문 표현 0개 · 85자 초과 0개 / 출처/계산 근거 필드 확인 / 5단 응답 흐름 / 기존 출력 가드 검사
R21:love:daily,R21,100,,,,,전문 표현 0개 · 85자 초과 0개 / 출처/계산 근거 필드 확인 / 하루의 실행 카드 / 기존 출력 가드 검사
R21:love:summary,R21,80,,,,경험 확인 장면 / 완결과 가져갈 것,노출 전문 표현 0개 · 85자 초과 문장 0개 / 핵심 결론 1개 중 접힌 근거 1개 / 답변으로 해석을 조정하는 질문 제공 / 생활 장면을 묻는 본문 0개 · 거절 반영 False / 서로 다른 행동 1개 · 언제/확인/대안 True / 실행 카드와 마무리 함께 제공 / 이야기 순서 True · 본문 2개
R21:people:hook,R21,100,,,,,전문 표현 0개 · 85자 초과 0개 / 출처/계산 근거 필드 확인 / 5단 응답 흐름 / 기존 출력 가드 검사
R21:people:daily,R21,100,,,,,전문 표현 0개 · 85자 초과 0개 / 출처/계산 근거 필드 확인 / 하루의 실행 카드 / 기존 출력 가드 검사
R21:people:summary,R21,80,,,,경험 확인 장면 / 완결과 가져갈 것,노출 전문 표현 0개 · 85자 초과 문장 0개 / 핵심 결론 1개 중 접힌 근거 1개 / 답변으로 해석을 조정하는 질문 제공 / 생활 장면을 묻는 본문 0개 · 거절 반영 False / 서로 다른 행동 1개 · 언제/확인/대안 True / 실행 카드와 마무리 함께 제공 / 이야기 순서 True · 본문 2개
R21:dir:hook,R21,100,,,,,전문 표현 0개 · 85자 초과 0개 / 출처/계산 근거 필드 확인 / 5단 응답 흐름 / 기존 출력 가드 검사
R21:dir:daily,R21,100,,,,,전문 표현 0개 · 85자 초과 0개 / 출처/계산 근거 필드 확인 / 하루의 실행 카드 / 기존 출력 가드 검사
R21:dir:summary,R21,80,,,,경험 확인 장면 / 완결과 가져갈 것,노출 전문 표현 0개 · 85자 초과 문장 0개 / 핵심 결론 1개 중 접힌 근거 1개 / 답변으로 해석을 조정하는 질문 제공 / 생활 장면을 묻는 본문 0개 · 거절 반영 False / 서로 다른 행동 1개 · 언제/확인/대안 True / 실행 카드와 마무리 함께 제공 / 이야기 순서 True · 본문 2개
R21:health:hook,R21,100,,,,,전문 표현 0개 · 85자 초과 0개 / 출처/계산 근거 필드 확인 / 5단 응답 흐름 / 기존 출력 가드 검사
R21:health:daily,R21,100,,,,,전문 표현 0개 · 85자 초과 0개 / 출처/계산 근거 필드 확인 / 하루의 실행 카드 / 기존 출력 가드 검사
R21:health:summary,R21,85,,,,완결과 가져갈 것 / 읽을 순서,노출 전문 표현 0개 · 85자 초과 문장 0개 / 핵심 결론 0개 중 접힌 근거 0개 / 답변으로 해석을 조정하는 질문 제공 / 생활 장면을 묻는 본문 0개 · 거절 반영 False / 서로 다른 행동 0개 · 언제/확인/대안 True / 실행 카드와 마무리 함께 제공 / 이야기 순서 True · 본문 1개
R22:work:hook,R22,100,,,,,전문 표현 0개 · 85자 초과 0개 / 출처/계산 근거 필드 확인 / 5단 응답 흐름 / 기존 출력 가드 검사
R22:work:daily,R22,100,,,,,전문 표현 0개 · 85자 초과 0개 / 출처/계산 근거 필드 확인 / 하루의 실행 카드 / 기존 출력 가드 검사
R22:work:summary,R22,88,,,,경험 확인 장면 / 완결과 가져갈 것,노출 전문 표현 0개 · 85자 초과 문장 0개 / 핵심 결론 1개 중 접힌 근거 1개 / 답변으로 해석을 조정하는 질문 제공 / 생활 장면을 묻는 본문 1개 · 거절 반영 False / 서로 다른 행동 1개 · 언제/확인/대안 True / 실행 카드와 마무리 함께 제공 / 이야기 순서 True · 본문 2개
R22:money:hook,R22,100,,,,,전문 표현 0개 · 85자 초과 0개 / 출처/계산 근거 필드 확인 / 5단 응답 흐름 / 기존 출력 가드 검사
R22:money:daily,R22,100,,,,,전문 표현 0개 · 85자 초과 0개 / 출처/계산 근거 필드 확인 / 하루의 실행 카드 / 기존 출력 가드 검사
R22:money:summary,R22,88,,,,경험 확인 장면 / 완결과 가져갈 것,노출 전문 표현 0개 · 85자 초과 문장 0개 / 핵심 결론 1개 중 접힌 근거 1개 / 답변으로 해석을 조정하는 질문 제공 / 생활 장면을 묻는 본문 1개 · 거절 반영 False / 서로 다른 행동 1개 · 언제/확인/대안 True / 실행 카드와 마무리 함께 제공 / 이야기 순서 True · 본문 2개
R22:love:hook,R22,100,,,,,전문 표현 0개 · 85자 초과 0개 / 출처/계산 근거 필드 확인 / 5단 응답 흐름 / 기존 출력 가드 검사
R22:love:daily,R22,100,,,,,전문 표현 0개 · 85자 초과 0개 / 출처/계산 근거 필드 확인 / 하루의 실행 카드 / 기존 출력 가드 검사
R22:love:summary,R22,88,,,,경험 확인 장면 / 완결과 가져갈 것,노출 전문 표현 0개 · 85자 초과 문장 0개 / 핵심 결론 1개 중 접힌 근거 1개 / 답변으로 해석을 조정하는 질문 제공 / 생활 장면을 묻는 본문 1개 · 거절 반영 False / 서로 다른 행동 1개 · 언제/확인/대안 True / 실행 카드와 마무리 함께 제공 / 이야기 순서 True · 본문 2개
R22:people:hook,R22,100,,,,,전문 표현 0개 · 85자 초과 0개 / 출처/계산 근거 필드 확인 / 5단 응답 흐름 / 기존 출력 가드 검사
R22:people:daily,R22,100,,,,,전문 표현 0개 · 85자 초과 0개 / 출처/계산 근거 필드 확인 / 하루의 실행 카드 / 기존 출력 가드 검사
R22:people:summary,R22,80,,,,경험 확인 장면 / 완결과 가져갈 것,노출 전문 표현 0개 · 85자 초과 문장 0개 / 핵심 결론 1개 중 접힌 근거 1개 / 답변으로 해석을 조정하는 질문 제공 / 생활 장면을 묻는 본문 0개 · 거절 반영 False / 서로 다른 행동 1개 · 언제/확인/대안 True / 실행 카드와 마무리 함께 제공 / 이야기 순서 True · 본문 2개
R22:dir:hook,R22,100,,,,,전문 표현 0개 · 85자 초과 0개 / 출처/계산 근거 필드 확인 / 5단 응답 흐름 / 기존 출력 가드 검사
R22:dir:daily,R22,100,,,,,전문 표현 0개 · 85자 초과 0개 / 출처/계산 근거 필드 확인 / 하루의 실행 카드 / 기존 출력 가드 검사
R22:dir:summary,R22,80,,,,경험 확인 장면 / 완결과 가져갈 것,노출 전문 표현 0개 · 85자 초과 문장 0개 / 핵심 결론 1개 중 접힌 근거 1개 / 답변으로 해석을 조정하는 질문 제공 / 생활 장면을 묻는 본문 0개 · 거절 반영 False / 서로 다른 행동 1개 · 언제/확인/대안 True / 실행 카드와 마무리 함께 제공 / 이야기 순서 True · 본문 2개
R22:health:hook,R22,100,,,,,전문 표현 0개 · 85자 초과 0개 / 출처/계산 근거 필드 확인 / 5단 응답 흐름 / 기존 출력 가드 검사
R22:health:daily,R22,100,,,,,전문 표현 0개 · 85자 초과 0개 / 출처/계산 근거 필드 확인 / 하루의 실행 카드 / 기존 출력 가드 검사
R22:health:summary,R22,85,,,,완결과 가져갈 것 / 읽을 순서,노출 전문 표현 0개 · 85자 초과 문장 0개 / 핵심 결론 0개 중 접힌 근거 0개 / 답변으로 해석을 조정하는 질문 제공 / 생활 장면을 묻는 본문 0개 · 거절 반영 False / 서로 다른 행동 0개 · 언제/확인/대안 True / 실행 카드와 마무리 함께 제공 / 이야기 순서 True · 본문 1개
R23:work:hook,R23,100,,,,,전문 표현 0개 · 85자 초과 0개 / 출처/계산 근거 필드 확인 / 5단 응답 흐름 / 기존 출력 가드 검사
R23:work:daily,R23,100,,,,,전문 표현 0개 · 85자 초과 0개 / 출처/계산 근거 필드 확인 / 하루의 실행 카드 / 기존 출력 가드 검사
R23:work:summary,R23,80,,,,경험 확인 장면 / 완결과 가져갈 것,노출 전문 표현 0개 · 85자 초과 문장 0개 / 핵심 결론 1개 중 접힌 근거 1개 / 답변으로 해석을 조정하는 질문 제공 / 생활 장면을 묻는 본문 0개 · 거절 반영 False / 서로 다른 행동 1개 · 언제/확인/대안 True / 실행 카드와 마무리 함께 제공 / 이야기 순서 True · 본문 2개
R23:money:hook,R23,100,,,,,전문 표현 0개 · 85자 초과 0개 / 출처/계산 근거 필드 확인 / 5단 응답 흐름 / 기존 출력 가드 검사
R23:money:daily,R23,100,,,,,전문 표현 0개 · 85자 초과 0개 / 출처/계산 근거 필드 확인 / 하루의 실행 카드 / 기존 출력 가드 검사
R23:money:summary,R23,80,,,,경험 확인 장면 / 완결과 가져갈 것,노출 전문 표현 0개 · 85자 초과 문장 0개 / 핵심 결론 1개 중 접힌 근거 1개 / 답변으로 해석을 조정하는 질문 제공 / 생활 장면을 묻는 본문 0개 · 거절 반영 False / 서로 다른 행동 1개 · 언제/확인/대안 True / 실행 카드와 마무리 함께 제공 / 이야기 순서 True · 본문 2개
R23:love:hook,R23,100,,,,,전문 표현 0개 · 85자 초과 0개 / 출처/계산 근거 필드 확인 / 5단 응답 흐름 / 기존 출력 가드 검사
R23:love:daily,R23,100,,,,,전문 표현 0개 · 85자 초과 0개 / 출처/계산 근거 필드 확인 / 하루의 실행 카드 / 기존 출력 가드 검사
R23:love:summary,R23,80,,,,경험 확인 장면 / 완결과 가져갈 것,노출 전문 표현 0개 · 85자 초과 문장 0개 / 핵심 결론 1개 중 접힌 근거 1개 / 답변으로 해석을 조정하는 질문 제공 / 생활 장면을 묻는 본문 0개 · 거절 반영 False / 서로 다른 행동 1개 · 언제/확인/대안 True / 실행 카드와 마무리 함께 제공 / 이야기 순서 True · 본문 2개
R23:people:hook,R23,100,,,,,전문 표현 0개 · 85자 초과 0개 / 출처/계산 근거 필드 확인 / 5단 응답 흐름 / 기존 출력 가드 검사
R23:people:daily,R23,100,,,,,전문 표현 0개 · 85자 초과 0개 / 출처/계산 근거 필드 확인 / 하루의 실행 카드 / 기존 출력 가드 검사
R23:people:summary,R23,80,,,,경험 확인 장면 / 완결과 가져갈 것,노출 전문 표현 0개 · 85자 초과 문장 0개 / 핵심 결론 1개 중 접힌 근거 1개 / 답변으로 해석을 조정하는 질문 제공 / 생활 장면을 묻는 본문 0개 · 거절 반영 False / 서로 다른 행동 1개 · 언제/확인/대안 True / 실행 카드와 마무리 함께 제공 / 이야기 순서 True · 본문 2개
R23:dir:hook,R23,100,,,,,전문 표현 0개 · 85자 초과 0개 / 출처/계산 근거 필드 확인 / 5단 응답 흐름 / 기존 출력 가드 검사
R23:dir:daily,R23,100,,,,,전문 표현 0개 · 85자 초과 0개 / 출처/계산 근거 필드 확인 / 하루의 실행 카드 / 기존 출력 가드 검사
R23:dir:summary,R23,88,,,,경험 확인 장면 / 완결과 가져갈 것,노출 전문 표현 0개 · 85자 초과 문장 0개 / 핵심 결론 1개 중 접힌 근거 1개 / 답변으로 해석을 조정하는 질문 제공 / 생활 장면을 묻는 본문 1개 · 거절 반영 False / 서로 다른 행동 1개 · 언제/확인/대안 True / 실행 카드와 마무리 함께 제공 / 이야기 순서 True · 본문 2개
R23:health:hook,R23,100,,,,,전문 표현 0개 · 85자 초과 0개 / 출처/계산 근거 필드 확인 / 5단 응답 흐름 / 기존 출력 가드 검사
R23:health:daily,R23,100,,,,,전문 표현 0개 · 85자 초과 0개 / 출처/계산 근거 필드 확인 / 하루의 실행 카드 / 기존 출력 가드 검사
R23:health:summary,R23,88,,,,경험 확인 장면 / 완결과 가져갈 것,노출 전문 표현 0개 · 85자 초과 문장 0개 / 핵심 결론 1개 중 접힌 근거 1개 / 답변으로 해석을 조정하는 질문 제공 / 생활 장면을 묻는 본문 1개 · 거절 반영 False / 서로 다른 행동 1개 · 언제/확인/대안 True / 실행 카드와 마무리 함께 제공 / 이야기 순서 True · 본문 2개
R24:work:hook,R24,100,,,,,전문 표현 0개 · 85자 초과 0개 / 출처/계산 근거 필드 확인 / 5단 응답 흐름 / 기존 출력 가드 검사
R24:work:daily,R24,100,,,,,전문 표현 0개 · 85자 초과 0개 / 출처/계산 근거 필드 확인 / 하루의 실행 카드 / 기존 출력 가드 검사
R24:work:summary,R24,88,,,,경험 확인 장면 / 완결과 가져갈 것,노출 전문 표현 0개 · 85자 초과 문장 0개 / 핵심 결론 1개 중 접힌 근거 1개 / 답변으로 해석을 조정하는 질문 제공 / 생활 장면을 묻는 본문 1개 · 거절 반영 False / 서로 다른 행동 1개 · 언제/확인/대안 True / 실행 카드와 마무리 함께 제공 / 이야기 순서 True · 본문 2개
R24:money:hook,R24,100,,,,,전문 표현 0개 · 85자 초과 0개 / 출처/계산 근거 필드 확인 / 5단 응답 흐름 / 기존 출력 가드 검사
R24:money:daily,R24,100,,,,,전문 표현 0개 · 85자 초과 0개 / 출처/계산 근거 필드 확인 / 하루의 실행 카드 / 기존 출력 가드 검사
R24:money:summary,R24,88,,,,경험 확인 장면 / 완결과 가져갈 것,노출 전문 표현 0개 · 85자 초과 문장 0개 / 핵심 결론 1개 중 접힌 근거 1개 / 답변으로 해석을 조정하는 질문 제공 / 생활 장면을 묻는 본문 1개 · 거절 반영 False / 서로 다른 행동 1개 · 언제/확인/대안 True / 실행 카드와 마무리 함께 제공 / 이야기 순서 True · 본문 2개
R24:love:hook,R24,100,,,,,전문 표현 0개 · 85자 초과 0개 / 출처/계산 근거 필드 확인 / 5단 응답 흐름 / 기존 출력 가드 검사
R24:love:daily,R24,100,,,,,전문 표현 0개 · 85자 초과 0개 / 출처/계산 근거 필드 확인 / 하루의 실행 카드 / 기존 출력 가드 검사
R24:love:summary,R24,88,,,,경험 확인 장면 / 완결과 가져갈 것,노출 전문 표현 0개 · 85자 초과 문장 0개 / 핵심 결론 1개 중 접힌 근거 1개 / 답변으로 해석을 조정하는 질문 제공 / 생활 장면을 묻는 본문 1개 · 거절 반영 False / 서로 다른 행동 1개 · 언제/확인/대안 True / 실행 카드와 마무리 함께 제공 / 이야기 순서 True · 본문 2개
R24:people:hook,R24,100,,,,,전문 표현 0개 · 85자 초과 0개 / 출처/계산 근거 필드 확인 / 5단 응답 흐름 / 기존 출력 가드 검사
R24:people:daily,R24,100,,,,,전문 표현 0개 · 85자 초과 0개 / 출처/계산 근거 필드 확인 / 하루의 실행 카드 / 기존 출력 가드 검사
R24:people:summary,R24,80,,,,경험 확인 장면 / 완결과 가져갈 것,노출 전문 표현 0개 · 85자 초과 문장 0개 / 핵심 결론 1개 중 접힌 근거 1개 / 답변으로 해석을 조정하는 질문 제공 / 생활 장면을 묻는 본문 0개 · 거절 반영 False / 서로 다른 행동 1개 · 언제/확인/대안 True / 실행 카드와 마무리 함께 제공 / 이야기 순서 True · 본문 2개
R24:dir:hook,R24,100,,,,,전문 표현 0개 · 85자 초과 0개 / 출처/계산 근거 필드 확인 / 5단 응답 흐름 / 기존 출력 가드 검사
R24:dir:daily,R24,100,,,,,전문 표현 0개 · 85자 초과 0개 / 출처/계산 근거 필드 확인 / 하루의 실행 카드 / 기존 출력 가드 검사
R24:dir:summary,R24,88,,,,경험 확인 장면 / 완결과 가져갈 것,노출 전문 표현 0개 · 85자 초과 문장 0개 / 핵심 결론 1개 중 접힌 근거 1개 / 답변으로 해석을 조정하는 질문 제공 / 생활 장면을 묻는 본문 1개 · 거절 반영 False / 서로 다른 행동 1개 · 언제/확인/대안 True / 실행 카드와 마무리 함께 제공 / 이야기 순서 True · 본문 2개
R24:health:hook,R24,100,,,,,전문 표현 0개 · 85자 초과 0개 / 출처/계산 근거 필드 확인 / 5단 응답 흐름 / 기존 출력 가드 검사
R24:health:daily,R24,100,,,,,전문 표현 0개 · 85자 초과 0개 / 출처/계산 근거 필드 확인 / 하루의 실행 카드 / 기존 출력 가드 검사
R24:health:summary,R24,88,,,,경험 확인 장면 / 완결과 가져갈 것,노출 전문 표현 0개 · 85자 초과 문장 0개 / 핵심 결론 1개 중 접힌 근거 1개 / 답변으로 해석을 조정하는 질문 제공 / 생활 장면을 묻는 본문 1개 · 거절 반영 False / 서로 다른 행동 1개 · 언제/확인/대안 True / 실행 카드와 마무리 함께 제공 / 이야기 순서 True · 본문 2개
R25:work:hook,R25,100,,,,,전문 표현 0개 · 85자 초과 0개 / 출처/계산 근거 필드 확인 / 5단 응답 흐름 / 기존 출력 가드 검사
R25:work:daily,R25,100,,,,,전문 표현 0개 · 85자 초과 0개 / 출처/계산 근거 필드 확인 / 하루의 실행 카드 / 기존 출력 가드 검사
R25:work:summary,R25,80,,,,경험 확인 장면 / 완결과 가져갈 것,노출 전문 표현 0개 · 85자 초과 문장 0개 / 핵심 결론 1개 중 접힌 근거 1개 / 답변으로 해석을 조정하는 질문 제공 / 생활 장면을 묻는 본문 0개 · 거절 반영 False / 서로 다른 행동 1개 · 언제/확인/대안 True / 실행 카드와 마무리 함께 제공 / 이야기 순서 True · 본문 2개
R25:money:hook,R25,100,,,,,전문 표현 0개 · 85자 초과 0개 / 출처/계산 근거 필드 확인 / 5단 응답 흐름 / 기존 출력 가드 검사
R25:money:daily,R25,100,,,,,전문 표현 0개 · 85자 초과 0개 / 출처/계산 근거 필드 확인 / 하루의 실행 카드 / 기존 출력 가드 검사
R25:money:summary,R25,80,,,,경험 확인 장면 / 완결과 가져갈 것,노출 전문 표현 0개 · 85자 초과 문장 0개 / 핵심 결론 1개 중 접힌 근거 1개 / 답변으로 해석을 조정하는 질문 제공 / 생활 장면을 묻는 본문 0개 · 거절 반영 False / 서로 다른 행동 1개 · 언제/확인/대안 True / 실행 카드와 마무리 함께 제공 / 이야기 순서 True · 본문 2개
R25:love:hook,R25,100,,,,,전문 표현 0개 · 85자 초과 0개 / 출처/계산 근거 필드 확인 / 5단 응답 흐름 / 기존 출력 가드 검사
R25:love:daily,R25,100,,,,,전문 표현 0개 · 85자 초과 0개 / 출처/계산 근거 필드 확인 / 하루의 실행 카드 / 기존 출력 가드 검사
R25:love:summary,R25,80,,,,경험 확인 장면 / 완결과 가져갈 것,노출 전문 표현 0개 · 85자 초과 문장 0개 / 핵심 결론 1개 중 접힌 근거 1개 / 답변으로 해석을 조정하는 질문 제공 / 생활 장면을 묻는 본문 0개 · 거절 반영 False / 서로 다른 행동 1개 · 언제/확인/대안 True / 실행 카드와 마무리 함께 제공 / 이야기 순서 True · 본문 2개
R25:people:hook,R25,100,,,,,전문 표현 0개 · 85자 초과 0개 / 출처/계산 근거 필드 확인 / 5단 응답 흐름 / 기존 출력 가드 검사
R25:people:daily,R25,100,,,,,전문 표현 0개 · 85자 초과 0개 / 출처/계산 근거 필드 확인 / 하루의 실행 카드 / 기존 출력 가드 검사
R25:people:summary,R25,80,,,,경험 확인 장면 / 완결과 가져갈 것,노출 전문 표현 0개 · 85자 초과 문장 0개 / 핵심 결론 1개 중 접힌 근거 1개 / 답변으로 해석을 조정하는 질문 제공 / 생활 장면을 묻는 본문 0개 · 거절 반영 False / 서로 다른 행동 1개 · 언제/확인/대안 True / 실행 카드와 마무리 함께 제공 / 이야기 순서 True · 본문 2개
R25:dir:hook,R25,100,,,,,전문 표현 0개 · 85자 초과 0개 / 출처/계산 근거 필드 확인 / 5단 응답 흐름 / 기존 출력 가드 검사
R25:dir:daily,R25,100,,,,,전문 표현 0개 · 85자 초과 0개 / 출처/계산 근거 필드 확인 / 하루의 실행 카드 / 기존 출력 가드 검사
R25:dir:summary,R25,80,,,,경험 확인 장면 / 완결과 가져갈 것,노출 전문 표현 0개 · 85자 초과 문장 0개 / 핵심 결론 1개 중 접힌 근거 1개 / 답변으로 해석을 조정하는 질문 제공 / 생활 장면을 묻는 본문 0개 · 거절 반영 False / 서로 다른 행동 1개 · 언제/확인/대안 True / 실행 카드와 마무리 함께 제공 / 이야기 순서 True · 본문 2개
R25:health:hook,R25,100,,,,,전문 표현 0개 · 85자 초과 0개 / 출처/계산 근거 필드 확인 / 5단 응답 흐름 / 기존 출력 가드 검사
R25:health:daily,R25,100,,,,,전문 표현 0개 · 85자 초과 0개 / 출처/계산 근거 필드 확인 / 하루의 실행 카드 / 기존 출력 가드 검사
R25:health:summary,R25,80,,,,경험 확인 장면 / 완결과 가져갈 것,노출 전문 표현 0개 · 85자 초과 문장 0개 / 핵심 결론 1개 중 접힌 근거 1개 / 답변으로 해석을 조정하는 질문 제공 / 생활 장면을 묻는 본문 0개 · 거절 반영 False / 서로 다른 행동 1개 · 언제/확인/대안 True / 실행 카드와 마무리 함께 제공 / 이야기 순서 True · 본문 2개
R26:work:hook,R26,100,,,,,전문 표현 0개 · 85자 초과 0개 / 출처/계산 근거 필드 확인 / 5단 응답 흐름 / 기존 출력 가드 검사
R26:work:daily,R26,100,,,,,전문 표현 0개 · 85자 초과 0개 / 출처/계산 근거 필드 확인 / 하루의 실행 카드 / 기존 출력 가드 검사
R26:work:summary,R26,80,,,,경험 확인 장면 / 완결과 가져갈 것,노출 전문 표현 0개 · 85자 초과 문장 0개 / 핵심 결론 1개 중 접힌 근거 1개 / 답변으로 해석을 조정하는 질문 제공 / 생활 장면을 묻는 본문 0개 · 거절 반영 False / 서로 다른 행동 1개 · 언제/확인/대안 True / 실행 카드와 마무리 함께 제공 / 이야기 순서 True · 본문 2개
R26:money:hook,R26,100,,,,,전문 표현 0개 · 85자 초과 0개 / 출처/계산 근거 필드 확인 / 5단 응답 흐름 / 기존 출력 가드 검사
R26:money:daily,R26,100,,,,,전문 표현 0개 · 85자 초과 0개 / 출처/계산 근거 필드 확인 / 하루의 실행 카드 / 기존 출력 가드 검사
R26:money:summary,R26,80,,,,경험 확인 장면 / 완결과 가져갈 것,노출 전문 표현 0개 · 85자 초과 문장 0개 / 핵심 결론 1개 중 접힌 근거 1개 / 답변으로 해석을 조정하는 질문 제공 / 생활 장면을 묻는 본문 0개 · 거절 반영 False / 서로 다른 행동 1개 · 언제/확인/대안 True / 실행 카드와 마무리 함께 제공 / 이야기 순서 True · 본문 2개
R26:love:hook,R26,100,,,,,전문 표현 0개 · 85자 초과 0개 / 출처/계산 근거 필드 확인 / 5단 응답 흐름 / 기존 출력 가드 검사
R26:love:daily,R26,100,,,,,전문 표현 0개 · 85자 초과 0개 / 출처/계산 근거 필드 확인 / 하루의 실행 카드 / 기존 출력 가드 검사
R26:love:summary,R26,80,,,,경험 확인 장면 / 완결과 가져갈 것,노출 전문 표현 0개 · 85자 초과 문장 0개 / 핵심 결론 1개 중 접힌 근거 1개 / 답변으로 해석을 조정하는 질문 제공 / 생활 장면을 묻는 본문 0개 · 거절 반영 False / 서로 다른 행동 1개 · 언제/확인/대안 True / 실행 카드와 마무리 함께 제공 / 이야기 순서 True · 본문 2개
R26:people:hook,R26,100,,,,,전문 표현 0개 · 85자 초과 0개 / 출처/계산 근거 필드 확인 / 5단 응답 흐름 / 기존 출력 가드 검사
R26:people:daily,R26,100,,,,,전문 표현 0개 · 85자 초과 0개 / 출처/계산 근거 필드 확인 / 하루의 실행 카드 / 기존 출력 가드 검사
R26:people:summary,R26,80,,,,경험 확인 장면 / 완결과 가져갈 것,노출 전문 표현 0개 · 85자 초과 문장 0개 / 핵심 결론 1개 중 접힌 근거 1개 / 답변으로 해석을 조정하는 질문 제공 / 생활 장면을 묻는 본문 0개 · 거절 반영 False / 서로 다른 행동 1개 · 언제/확인/대안 True / 실행 카드와 마무리 함께 제공 / 이야기 순서 True · 본문 2개
R26:dir:hook,R26,100,,,,,전문 표현 0개 · 85자 초과 0개 / 출처/계산 근거 필드 확인 / 5단 응답 흐름 / 기존 출력 가드 검사
R26:dir:daily,R26,100,,,,,전문 표현 0개 · 85자 초과 0개 / 출처/계산 근거 필드 확인 / 하루의 실행 카드 / 기존 출력 가드 검사
R26:dir:summary,R26,80,,,,경험 확인 장면 / 완결과 가져갈 것,노출 전문 표현 0개 · 85자 초과 문장 0개 / 핵심 결론 1개 중 접힌 근거 1개 / 답변으로 해석을 조정하는 질문 제공 / 생활 장면을 묻는 본문 0개 · 거절 반영 False / 서로 다른 행동 1개 · 언제/확인/대안 True / 실행 카드와 마무리 함께 제공 / 이야기 순서 True · 본문 2개
R26:health:hook,R26,100,,,,,전문 표현 0개 · 85자 초과 0개 / 출처/계산 근거 필드 확인 / 5단 응답 흐름 / 기존 출력 가드 검사
R26:health:daily,R26,100,,,,,전문 표현 0개 · 85자 초과 0개 / 출처/계산 근거 필드 확인 / 하루의 실행 카드 / 기존 출력 가드 검사
R26:health:summary,R26,88,,,,경험 확인 장면 / 완결과 가져갈 것,노출 전문 표현 0개 · 85자 초과 문장 0개 / 핵심 결론 1개 중 접힌 근거 1개 / 답변으로 해석을 조정하는 질문 제공 / 생활 장면을 묻는 본문 1개 · 거절 반영 False / 서로 다른 행동 1개 · 언제/확인/대안 True / 실행 카드와 마무리 함께 제공 / 이야기 순서 True · 본문 2개
R27:work:hook,R27,100,,,,,전문 표현 0개 · 85자 초과 0개 / 출처/계산 근거 필드 확인 / 5단 응답 흐름 / 기존 출력 가드 검사
R27:work:daily,R27,100,,,,,전문 표현 0개 · 85자 초과 0개 / 출처/계산 근거 필드 확인 / 하루의 실행 카드 / 기존 출력 가드 검사
R27:work:summary,R27,88,,,,경험 확인 장면 / 완결과 가져갈 것,노출 전문 표현 0개 · 85자 초과 문장 0개 / 핵심 결론 1개 중 접힌 근거 1개 / 답변으로 해석을 조정하는 질문 제공 / 생활 장면을 묻는 본문 1개 · 거절 반영 False / 서로 다른 행동 1개 · 언제/확인/대안 True / 실행 카드와 마무리 함께 제공 / 이야기 순서 True · 본문 2개
R27:money:hook,R27,100,,,,,전문 표현 0개 · 85자 초과 0개 / 출처/계산 근거 필드 확인 / 5단 응답 흐름 / 기존 출력 가드 검사
R27:money:daily,R27,100,,,,,전문 표현 0개 · 85자 초과 0개 / 출처/계산 근거 필드 확인 / 하루의 실행 카드 / 기존 출력 가드 검사
R27:money:summary,R27,88,,,,경험 확인 장면 / 완결과 가져갈 것,노출 전문 표현 0개 · 85자 초과 문장 0개 / 핵심 결론 1개 중 접힌 근거 1개 / 답변으로 해석을 조정하는 질문 제공 / 생활 장면을 묻는 본문 1개 · 거절 반영 False / 서로 다른 행동 1개 · 언제/확인/대안 True / 실행 카드와 마무리 함께 제공 / 이야기 순서 True · 본문 2개
R27:love:hook,R27,100,,,,,전문 표현 0개 · 85자 초과 0개 / 출처/계산 근거 필드 확인 / 5단 응답 흐름 / 기존 출력 가드 검사
R27:love:daily,R27,100,,,,,전문 표현 0개 · 85자 초과 0개 / 출처/계산 근거 필드 확인 / 하루의 실행 카드 / 기존 출력 가드 검사
R27:love:summary,R27,88,,,,경험 확인 장면 / 완결과 가져갈 것,노출 전문 표현 0개 · 85자 초과 문장 0개 / 핵심 결론 1개 중 접힌 근거 1개 / 답변으로 해석을 조정하는 질문 제공 / 생활 장면을 묻는 본문 1개 · 거절 반영 False / 서로 다른 행동 1개 · 언제/확인/대안 True / 실행 카드와 마무리 함께 제공 / 이야기 순서 True · 본문 2개
R27:people:hook,R27,100,,,,,전문 표현 0개 · 85자 초과 0개 / 출처/계산 근거 필드 확인 / 5단 응답 흐름 / 기존 출력 가드 검사
R27:people:daily,R27,100,,,,,전문 표현 0개 · 85자 초과 0개 / 출처/계산 근거 필드 확인 / 하루의 실행 카드 / 기존 출력 가드 검사
R27:people:summary,R27,85,,,,완결과 가져갈 것 / 읽을 순서,노출 전문 표현 0개 · 85자 초과 문장 0개 / 핵심 결론 0개 중 접힌 근거 0개 / 답변으로 해석을 조정하는 질문 제공 / 생활 장면을 묻는 본문 0개 · 거절 반영 False / 서로 다른 행동 0개 · 언제/확인/대안 True / 실행 카드와 마무리 함께 제공 / 이야기 순서 True · 본문 1개
R27:dir:hook,R27,100,,,,,전문 표현 0개 · 85자 초과 0개 / 출처/계산 근거 필드 확인 / 5단 응답 흐름 / 기존 출력 가드 검사
R27:dir:daily,R27,100,,,,,전문 표현 0개 · 85자 초과 0개 / 출처/계산 근거 필드 확인 / 하루의 실행 카드 / 기존 출력 가드 검사
R27:dir:summary,R27,80,,,,경험 확인 장면 / 완결과 가져갈 것,노출 전문 표현 0개 · 85자 초과 문장 0개 / 핵심 결론 1개 중 접힌 근거 1개 / 답변으로 해석을 조정하는 질문 제공 / 생활 장면을 묻는 본문 0개 · 거절 반영 False / 서로 다른 행동 1개 · 언제/확인/대안 True / 실행 카드와 마무리 함께 제공 / 이야기 순서 True · 본문 2개
R27:health:hook,R27,100,,,,,전문 표현 0개 · 85자 초과 0개 / 출처/계산 근거 필드 확인 / 5단 응답 흐름 / 기존 출력 가드 검사
R27:health:daily,R27,100,,,,,전문 표현 0개 · 85자 초과 0개 / 출처/계산 근거 필드 확인 / 하루의 실행 카드 / 기존 출력 가드 검사
R27:health:summary,R27,80,,,,경험 확인 장면 / 완결과 가져갈 것,노출 전문 표현 0개 · 85자 초과 문장 0개 / 핵심 결론 1개 중 접힌 근거 1개 / 답변으로 해석을 조정하는 질문 제공 / 생활 장면을 묻는 본문 0개 · 거절 반영 False / 서로 다른 행동 1개 · 언제/확인/대안 True / 실행 카드와 마무리 함께 제공 / 이야기 순서 True · 본문 2개
R28:work:hook,R28,100,,,,,전문 표현 0개 · 85자 초과 0개 / 출처/계산 근거 필드 확인 / 5단 응답 흐름 / 기존 출력 가드 검사
R28:work:daily,R28,100,,,,,전문 표현 0개 · 85자 초과 0개 / 출처/계산 근거 필드 확인 / 하루의 실행 카드 / 기존 출력 가드 검사
R28:work:summary,R28,80,,,,경험 확인 장면 / 완결과 가져갈 것,노출 전문 표현 0개 · 85자 초과 문장 0개 / 핵심 결론 1개 중 접힌 근거 1개 / 답변으로 해석을 조정하는 질문 제공 / 생활 장면을 묻는 본문 0개 · 거절 반영 False / 서로 다른 행동 1개 · 언제/확인/대안 True / 실행 카드와 마무리 함께 제공 / 이야기 순서 True · 본문 2개
R28:money:hook,R28,100,,,,,전문 표현 0개 · 85자 초과 0개 / 출처/계산 근거 필드 확인 / 5단 응답 흐름 / 기존 출력 가드 검사
R28:money:daily,R28,100,,,,,전문 표현 0개 · 85자 초과 0개 / 출처/계산 근거 필드 확인 / 하루의 실행 카드 / 기존 출력 가드 검사
R28:money:summary,R28,88,,,,경험 확인 장면 / 완결과 가져갈 것,노출 전문 표현 0개 · 85자 초과 문장 0개 / 핵심 결론 1개 중 접힌 근거 1개 / 답변으로 해석을 조정하는 질문 제공 / 생활 장면을 묻는 본문 1개 · 거절 반영 False / 서로 다른 행동 1개 · 언제/확인/대안 True / 실행 카드와 마무리 함께 제공 / 이야기 순서 True · 본문 2개
R28:love:hook,R28,100,,,,,전문 표현 0개 · 85자 초과 0개 / 출처/계산 근거 필드 확인 / 5단 응답 흐름 / 기존 출력 가드 검사
R28:love:daily,R28,100,,,,,전문 표현 0개 · 85자 초과 0개 / 출처/계산 근거 필드 확인 / 하루의 실행 카드 / 기존 출력 가드 검사
R28:love:summary,R28,80,,,,경험 확인 장면 / 완결과 가져갈 것,노출 전문 표현 0개 · 85자 초과 문장 0개 / 핵심 결론 1개 중 접힌 근거 1개 / 답변으로 해석을 조정하는 질문 제공 / 생활 장면을 묻는 본문 0개 · 거절 반영 False / 서로 다른 행동 1개 · 언제/확인/대안 True / 실행 카드와 마무리 함께 제공 / 이야기 순서 True · 본문 2개
R28:people:hook,R28,100,,,,,전문 표현 0개 · 85자 초과 0개 / 출처/계산 근거 필드 확인 / 5단 응답 흐름 / 기존 출력 가드 검사
R28:people:daily,R28,100,,,,,전문 표현 0개 · 85자 초과 0개 / 출처/계산 근거 필드 확인 / 하루의 실행 카드 / 기존 출력 가드 검사
R28:people:summary,R28,80,,,,경험 확인 장면 / 완결과 가져갈 것,노출 전문 표현 0개 · 85자 초과 문장 0개 / 핵심 결론 1개 중 접힌 근거 1개 / 답변으로 해석을 조정하는 질문 제공 / 생활 장면을 묻는 본문 0개 · 거절 반영 False / 서로 다른 행동 1개 · 언제/확인/대안 True / 실행 카드와 마무리 함께 제공 / 이야기 순서 True · 본문 2개
R28:dir:hook,R28,100,,,,,전문 표현 0개 · 85자 초과 0개 / 출처/계산 근거 필드 확인 / 5단 응답 흐름 / 기존 출력 가드 검사
R28:dir:daily,R28,100,,,,,전문 표현 0개 · 85자 초과 0개 / 출처/계산 근거 필드 확인 / 하루의 실행 카드 / 기존 출력 가드 검사
R28:dir:summary,R28,88,,,,경험 확인 장면 / 완결과 가져갈 것,노출 전문 표현 0개 · 85자 초과 문장 0개 / 핵심 결론 1개 중 접힌 근거 1개 / 답변으로 해석을 조정하는 질문 제공 / 생활 장면을 묻는 본문 1개 · 거절 반영 False / 서로 다른 행동 1개 · 언제/확인/대안 True / 실행 카드와 마무리 함께 제공 / 이야기 순서 True · 본문 2개
R28:health:hook,R28,100,,,,,전문 표현 0개 · 85자 초과 0개 / 출처/계산 근거 필드 확인 / 5단 응답 흐름 / 기존 출력 가드 검사
R28:health:daily,R28,100,,,,,전문 표현 0개 · 85자 초과 0개 / 출처/계산 근거 필드 확인 / 하루의 실행 카드 / 기존 출력 가드 검사
R28:health:summary,R28,80,,,,경험 확인 장면 / 완결과 가져갈 것,노출 전문 표현 0개 · 85자 초과 문장 0개 / 핵심 결론 1개 중 접힌 근거 1개 / 답변으로 해석을 조정하는 질문 제공 / 생활 장면을 묻는 본문 0개 · 거절 반영 False / 서로 다른 행동 1개 · 언제/확인/대안 True / 실행 카드와 마무리 함께 제공 / 이야기 순서 True · 본문 2개
R29:work:hook,R29,100,,,,,전문 표현 0개 · 85자 초과 0개 / 출처/계산 근거 필드 확인 / 5단 응답 흐름 / 기존 출력 가드 검사
R29:work:daily,R29,100,,,,,전문 표현 0개 · 85자 초과 0개 / 출처/계산 근거 필드 확인 / 하루의 실행 카드 / 기존 출력 가드 검사
R29:work:summary,R29,80,,,,경험 확인 장면 / 완결과 가져갈 것,노출 전문 표현 0개 · 85자 초과 문장 0개 / 핵심 결론 1개 중 접힌 근거 1개 / 답변으로 해석을 조정하는 질문 제공 / 생활 장면을 묻는 본문 0개 · 거절 반영 False / 서로 다른 행동 1개 · 언제/확인/대안 True / 실행 카드와 마무리 함께 제공 / 이야기 순서 True · 본문 2개
R29:money:hook,R29,100,,,,,전문 표현 0개 · 85자 초과 0개 / 출처/계산 근거 필드 확인 / 5단 응답 흐름 / 기존 출력 가드 검사
R29:money:daily,R29,100,,,,,전문 표현 0개 · 85자 초과 0개 / 출처/계산 근거 필드 확인 / 하루의 실행 카드 / 기존 출력 가드 검사
R29:money:summary,R29,80,,,,경험 확인 장면 / 완결과 가져갈 것,노출 전문 표현 0개 · 85자 초과 문장 0개 / 핵심 결론 1개 중 접힌 근거 1개 / 답변으로 해석을 조정하는 질문 제공 / 생활 장면을 묻는 본문 0개 · 거절 반영 False / 서로 다른 행동 1개 · 언제/확인/대안 True / 실행 카드와 마무리 함께 제공 / 이야기 순서 True · 본문 2개
R29:love:hook,R29,100,,,,,전문 표현 0개 · 85자 초과 0개 / 출처/계산 근거 필드 확인 / 5단 응답 흐름 / 기존 출력 가드 검사
R29:love:daily,R29,100,,,,,전문 표현 0개 · 85자 초과 0개 / 출처/계산 근거 필드 확인 / 하루의 실행 카드 / 기존 출력 가드 검사
R29:love:summary,R29,80,,,,경험 확인 장면 / 완결과 가져갈 것,노출 전문 표현 0개 · 85자 초과 문장 0개 / 핵심 결론 1개 중 접힌 근거 1개 / 답변으로 해석을 조정하는 질문 제공 / 생활 장면을 묻는 본문 0개 · 거절 반영 False / 서로 다른 행동 1개 · 언제/확인/대안 True / 실행 카드와 마무리 함께 제공 / 이야기 순서 True · 본문 2개
R29:people:hook,R29,100,,,,,전문 표현 0개 · 85자 초과 0개 / 출처/계산 근거 필드 확인 / 5단 응답 흐름 / 기존 출력 가드 검사
R29:people:daily,R29,100,,,,,전문 표현 0개 · 85자 초과 0개 / 출처/계산 근거 필드 확인 / 하루의 실행 카드 / 기존 출력 가드 검사
R29:people:summary,R29,80,,,,경험 확인 장면 / 완결과 가져갈 것,노출 전문 표현 0개 · 85자 초과 문장 0개 / 핵심 결론 1개 중 접힌 근거 1개 / 답변으로 해석을 조정하는 질문 제공 / 생활 장면을 묻는 본문 0개 · 거절 반영 False / 서로 다른 행동 1개 · 언제/확인/대안 True / 실행 카드와 마무리 함께 제공 / 이야기 순서 True · 본문 2개
R29:dir:hook,R29,100,,,,,전문 표현 0개 · 85자 초과 0개 / 출처/계산 근거 필드 확인 / 5단 응답 흐름 / 기존 출력 가드 검사
R29:dir:daily,R29,100,,,,,전문 표현 0개 · 85자 초과 0개 / 출처/계산 근거 필드 확인 / 하루의 실행 카드 / 기존 출력 가드 검사
R29:dir:summary,R29,80,,,,경험 확인 장면 / 완결과 가져갈 것,노출 전문 표현 0개 · 85자 초과 문장 0개 / 핵심 결론 1개 중 접힌 근거 1개 / 답변으로 해석을 조정하는 질문 제공 / 생활 장면을 묻는 본문 0개 · 거절 반영 False / 서로 다른 행동 1개 · 언제/확인/대안 True / 실행 카드와 마무리 함께 제공 / 이야기 순서 True · 본문 2개
R29:health:hook,R29,100,,,,,전문 표현 0개 · 85자 초과 0개 / 출처/계산 근거 필드 확인 / 5단 응답 흐름 / 기존 출력 가드 검사
R29:health:daily,R29,100,,,,,전문 표현 0개 · 85자 초과 0개 / 출처/계산 근거 필드 확인 / 하루의 실행 카드 / 기존 출력 가드 검사
R29:health:summary,R29,80,,,,경험 확인 장면 / 완결과 가져갈 것,노출 전문 표현 0개 · 85자 초과 문장 0개 / 핵심 결론 1개 중 접힌 근거 1개 / 답변으로 해석을 조정하는 질문 제공 / 생활 장면을 묻는 본문 0개 · 거절 반영 False / 서로 다른 행동 1개 · 언제/확인/대안 True / 실행 카드와 마무리 함께 제공 / 이야기 순서 True · 본문 2개
R30:work:hook,R30,100,,,,,전문 표현 0개 · 85자 초과 0개 / 출처/계산 근거 필드 확인 / 5단 응답 흐름 / 기존 출력 가드 검사
R30:work:daily,R30,100,,,,,전문 표현 0개 · 85자 초과 0개 / 출처/계산 근거 필드 확인 / 하루의 실행 카드 / 기존 출력 가드 검사
R30:work:summary,R30,80,,,,경험 확인 장면 / 완결과 가져갈 것,노출 전문 표현 0개 · 85자 초과 문장 0개 / 핵심 결론 1개 중 접힌 근거 1개 / 답변으로 해석을 조정하는 질문 제공 / 생활 장면을 묻는 본문 0개 · 거절 반영 False / 서로 다른 행동 1개 · 언제/확인/대안 True / 실행 카드와 마무리 함께 제공 / 이야기 순서 True · 본문 2개
R30:money:hook,R30,100,,,,,전문 표현 0개 · 85자 초과 0개 / 출처/계산 근거 필드 확인 / 5단 응답 흐름 / 기존 출력 가드 검사
R30:money:daily,R30,100,,,,,전문 표현 0개 · 85자 초과 0개 / 출처/계산 근거 필드 확인 / 하루의 실행 카드 / 기존 출력 가드 검사
R30:money:summary,R30,88,,,,경험 확인 장면 / 완결과 가져갈 것,노출 전문 표현 0개 · 85자 초과 문장 0개 / 핵심 결론 1개 중 접힌 근거 1개 / 답변으로 해석을 조정하는 질문 제공 / 생활 장면을 묻는 본문 1개 · 거절 반영 False / 서로 다른 행동 1개 · 언제/확인/대안 True / 실행 카드와 마무리 함께 제공 / 이야기 순서 True · 본문 2개
R30:love:hook,R30,100,,,,,전문 표현 0개 · 85자 초과 0개 / 출처/계산 근거 필드 확인 / 5단 응답 흐름 / 기존 출력 가드 검사
R30:love:daily,R30,100,,,,,전문 표현 0개 · 85자 초과 0개 / 출처/계산 근거 필드 확인 / 하루의 실행 카드 / 기존 출력 가드 검사
R30:love:summary,R30,80,,,,경험 확인 장면 / 완결과 가져갈 것,노출 전문 표현 0개 · 85자 초과 문장 0개 / 핵심 결론 1개 중 접힌 근거 1개 / 답변으로 해석을 조정하는 질문 제공 / 생활 장면을 묻는 본문 0개 · 거절 반영 False / 서로 다른 행동 1개 · 언제/확인/대안 True / 실행 카드와 마무리 함께 제공 / 이야기 순서 True · 본문 2개
R30:people:hook,R30,100,,,,,전문 표현 0개 · 85자 초과 0개 / 출처/계산 근거 필드 확인 / 5단 응답 흐름 / 기존 출력 가드 검사
R30:people:daily,R30,100,,,,,전문 표현 0개 · 85자 초과 0개 / 출처/계산 근거 필드 확인 / 하루의 실행 카드 / 기존 출력 가드 검사
R30:people:summary,R30,80,,,,경험 확인 장면 / 완결과 가져갈 것,노출 전문 표현 0개 · 85자 초과 문장 0개 / 핵심 결론 1개 중 접힌 근거 1개 / 답변으로 해석을 조정하는 질문 제공 / 생활 장면을 묻는 본문 0개 · 거절 반영 False / 서로 다른 행동 1개 · 언제/확인/대안 True / 실행 카드와 마무리 함께 제공 / 이야기 순서 True · 본문 2개
R30:dir:hook,R30,100,,,,,전문 표현 0개 · 85자 초과 0개 / 출처/계산 근거 필드 확인 / 5단 응답 흐름 / 기존 출력 가드 검사
R30:dir:daily,R30,100,,,,,전문 표현 0개 · 85자 초과 0개 / 출처/계산 근거 필드 확인 / 하루의 실행 카드 / 기존 출력 가드 검사
R30:dir:summary,R30,80,,,,경험 확인 장면 / 완결과 가져갈 것,노출 전문 표현 0개 · 85자 초과 문장 0개 / 핵심 결론 1개 중 접힌 근거 1개 / 답변으로 해석을 조정하는 질문 제공 / 생활 장면을 묻는 본문 0개 · 거절 반영 False / 서로 다른 행동 1개 · 언제/확인/대안 True / 실행 카드와 마무리 함께 제공 / 이야기 순서 True · 본문 2개
R30:health:hook,R30,100,,,,,전문 표현 0개 · 85자 초과 0개 / 출처/계산 근거 필드 확인 / 5단 응답 흐름 / 기존 출력 가드 검사
R30:health:daily,R30,100,,,,,전문 표현 0개 · 85자 초과 0개 / 출처/계산 근거 필드 확인 / 하루의 실행 카드 / 기존 출력 가드 검사
R30:health:summary,R30,80,,,,경험 확인 장면 / 완결과 가져갈 것,노출 전문 표현 0개 · 85자 초과 문장 0개 / 핵심 결론 1개 중 접힌 근거 1개 / 답변으로 해석을 조정하는 질문 제공 / 생활 장면을 묻는 본문 0개 · 거절 반영 False / 서로 다른 행동 1개 · 언제/확인/대안 True / 실행 카드와 마무리 함께 제공 / 이야기 순서 True · 본문 2개
