target_id,reviewer_code,task_success_yes_partly_no,ease_1_7,clarity_1_5,personal_relevance_1_5,comfort_1_5,usefulness_1_5,actual_price_shown,value_for_price_1_5,can_restate_in_own_words,can_find_evidence,most_generic_sentence,next_action,notes
route:/admin,,,,,,,,,,,,,,
route:/daily,,,,,,,,,,,,,,
g1,,,,,,,,,,,,,,
route:/legal,,,,,,,,,,,,,,
route:/lobby,,,,,,,,,,,,,,
b2,,,,,,,,,,,,,,
b3,,,,,,,,,,,,,,
b4,,,,,,,,,,,,,,
b1,,,,,,,,,,,,,,
route:/me,,,,,,,,,,,,,,
r1,,,,,,,,,,,,,,
f2,,,,,,,,,,,,,,
route:/omnibus,,,,,,,,,,,,,,
route:/,,,,,,,,,,,,,,
a1,,,,,,,,,,,,,,
a2,,,,,,,,,,,,,,
a3,,,,,,,,,,,,,,
a4,,,,,,,,,,,,,,
a4b,,,,,,,,,,,,,,
a5,,,,,,,,,,,,,,
a6,,,,,,,,,,,,,,
a7,,,,,,,,,,,,,,
route:/pay,,,,,,,,,,,,,,
d0,,,,,,,,,,,,,,
d2,,,,,,,,,,,,,,
d1,,,,,,,,,,,,,,
d3,,,,,,,,,,,,,,
route:/relay,,,,,,,,,,,,,,
h1,,,,,,,,,,,,,,
route:/report/[id],,,,,,,,,,,,,,
c1,,,,,,,,,,,,,,
c3,,,,,,,,,,,,,,
c4,,,,,,,,,,,,,,
c5,,,,,,,,,,,,,,
c6,,,,,,,,,,,,,,
c2,,,,,,,,,,,,,,
route:/s/[token],,,,,,,,,,,,,,
…,,,,,,,,,,,,,,
s1,,,,,,,,,,,,,,
route:/summary,,,,,,,,,,,,,,
c7,,,,,,,,,,,,,,
R01:work:pungun:all:book,,,,,,,,,,,,,,
R01:work:pungun:free:focus,,,,,,,,,,,,,,
R01:work:pungun:one:focus,,,,,,,,,,,,,,
R01:work:pungun:sub:focus,,,,,,,,,,,,,,
R01:work:pungun:all:focus,,,,,,,,,,,,,,
R01:work:baegun:free:focus,,,,,,,,,,,,,,
R01:work:baegun:one:focus,,,,,,,,,,,,,,
R01:work:baegun:sub:focus,,,,,,,,,,,,,,
R01:work:baegun:all:focus,,,,,,,,,,,,,,
R01:work:cheongam:free:focus,,,,,,,,,,,,,,
R01:work:cheongam:one:focus,,,,,,,,,,,,,,
R01:work:cheongam:sub:focus,,,,,,,,,,,,,,
R01:work:cheongam:all:focus,,,,,,,,,,,,,,
R01:work:sigye:free:focus,,,,,,,,,,,,,,
R01:work:sigye:one:focus,,,,,,,,,,,,,,
R01:work:sigye:sub:focus,,,,,,,,,,,,,,
R01:work:sigye:all:focus,,,,,,,,,,,,,,
R01:work:eunbyeol:free:focus,,,,,,,,,,,,,,
R01:work:eunbyeol:one:focus,,,,,,,,,,,,,,
R01:work:eunbyeol:sub:focus,,,,,,,,,,,,,,
R01:work:eunbyeol:all:focus,,,,,,,,,,,,,,
R01:work:jeokhyeol:free:focus,,,,,,,,,,,,,,
R01:work:jeokhyeol:one:focus,,,,,,,,,,,,,,
R01:work:jeokhyeol:sub:focus,,,,,,,,,,,,,,
R01:work:jeokhyeol:all:focus,,,,,,,,,,,,,,
R01:work:monghwa:free:focus,,,,,,,,,,,,,,
R01:work:monghwa:one:focus,,,,,,,,,,,,,,
R01:work:monghwa:sub:focus,,,,,,,,,,,,,,
R01:work:monghwa:all:focus,,,,,,,,,,,,,,
R01:work:seoyeok:free:focus,,,,,,,,,,,,,,
R01:work:seoyeok:one:focus,,,,,,,,,,,,,,
R01:work:seoyeok:sub:focus,,,,,,,,,,,,,,
R01:work:seoyeok:all:focus,,,,,,,,,,,,,,
R01:work:paeseon:free:focus,,,,,,,,,,,,,,
R01:work:paeseon:one:focus,,,,,,,,,,,,,,
R01:work:paeseon:sub:focus,,,,,,,,,,,,,,
R01:work:paeseon:all:focus,,,,,,,,,,,,,,
R01:work:myeonsang:free:focus,,,,,,,,,,,,,,
R01:work:myeonsang:one:focus,,,,,,,,,,,,,,
R01:work:myeonsang:sub:focus,,,,,,,,,,,,,,
R01:work:myeonsang:all:focus,,,,,,,,,,,,,,
R01:work:wolha:free:focus,,,,,,,,,,,,,,
R01:work:wolha:one:focus,,,,,,,,,,,,,,
R01:work:wolha:sub:focus,,,,,,,,,,,,,,
R01:work:wolha:all:focus,,,,,,,,,,,,,,
R01:work:hongmae:free:focus,,,,,,,,,,,,,,
R01:work:hongmae:one:focus,,,,,,,,,,,,,,
R01:work:hongmae:sub:focus,,,,,,,,,,,,,,
R01:work:hongmae:all:focus,,,,,,,,,,,,,,
R01:work:yeondam:free:focus,,,,,,,,,,,,,,
R01:work:yeondam:one:focus,,,,,,,,,,,,,,
R01:work:yeondam:sub:focus,,,,,,,,,,,,,,
R01:work:yeondam:all:focus,,,,,,,,,,,,,,
R01:work:hwagyeong:free:focus,,,,,,,,,,,,,,
R01:work:hwagyeong:one:focus,,,,,,,,,,,,,,
R01:work:hwagyeong:sub:focus,,,,,,,,,,,,,,
R01:work:hwagyeong:all:focus,,,,,,,,,,,,,,
R01:work:haengsu:free:focus,,,,,,,,,,,,,,
R01:work:haengsu:one:focus,,,,,,,,,,,,,,
R01:work:haengsu:sub:focus,,,,,,,,,,,,,,
R01:work:haengsu:all:focus,,,,,,,,,,,,,,
R01:work:hunjang:free:focus,,,,,,,,,,,,,,
R01:work:hunjang:one:focus,,,,,,,,,,,,,,
R01:work:hunjang:sub:focus,,,,,,,,,,,,,,
R01:work:hunjang:all:focus,,,,,,,,,,,,,,
R01:work:yakcho:free:focus,,,,,,,,,,,,,,
R01:work:yakcho:one:focus,,,,,,,,,,,,,,
R01:work:yakcho:sub:focus,,,,,,,,,,,,,,
R01:work:yakcho:all:focus,,,,,,,,,,,,,,
R01:work:ilgwan:free:focus,,,,,,,,,,,,,,
R01:work:ilgwan:one:focus,,,,,,,,,,,,,,
R01:work:ilgwan:sub:focus,,,,,,,,,,,,,,
R01:work:ilgwan:all:focus,,,,,,,,,,,,,,
R01:work:nopa:free:focus,,,,,,,,,,,,,,
R01:work:nopa:one:focus,,,,,,,,,,,,,,
R01:work:nopa:sub:focus,,,,,,,,,,,,,,
R01:work:nopa:all:focus,,,,,,,,,,,,,,
R01:work:dongja:free:focus,,,,,,,,,,,,,,
R01:work:dongja:one:focus,,,,,,,,,,,,,,
R01:work:dongja:sub:focus,,,,,,,,,,,,,,
R01:work:dongja:all:focus,,,,,,,,,,,,,,
R01:money:pungun:all:book,,,,,,,,,,,,,,
R01:money:pungun:free:focus,,,,,,,,,,,,,,
R01:money:pungun:one:focus,,,,,,,,,,,,,,
R01:money:pungun:sub:focus,,,,,,,,,,,,,,
R01:money:pungun:all:focus,,,,,,,,,,,,,,
R01:money:baegun:free:focus,,,,,,,,,,,,,,
R01:money:baegun:one:focus,,,,,,,,,,,,,,
R01:money:baegun:sub:focus,,,,,,,,,,,,,,
R01:money:baegun:all:focus,,,,,,,,,,,,,,
R01:money:cheongam:free:focus,,,,,,,,,,,,,,
R01:money:cheongam:one:focus,,,,,,,,,,,,,,
R01:money:cheongam:sub:focus,,,,,,,,,,,,,,
R01:money:cheongam:all:focus,,,,,,,,,,,,,,
R01:money:sigye:free:focus,,,,,,,,,,,,,,
R01:money:sigye:one:focus,,,,,,,,,,,,,,
R01:money:sigye:sub:focus,,,,,,,,,,,,,,
R01:money:sigye:all:focus,,,,,,,,,,,,,,
R01:money:eunbyeol:free:focus,,,,,,,,,,,,,,
R01:money:eunbyeol:one:focus,,,,,,,,,,,,,,
R01:money:eunbyeol:sub:focus,,,,,,,,,,,,,,
R01:money:eunbyeol:all:focus,,,,,,,,,,,,,,
R01:money:jeokhyeol:free:focus,,,,,,,,,,,,,,
R01:money:jeokhyeol:one:focus,,,,,,,,,,,,,,
R01:money:jeokhyeol:sub:focus,,,,,,,,,,,,,,
R01:money:jeokhyeol:all:focus,,,,,,,,,,,,,,
R01:money:monghwa:free:focus,,,,,,,,,,,,,,
R01:money:monghwa:one:focus,,,,,,,,,,,,,,
R01:money:monghwa:sub:focus,,,,,,,,,,,,,,
R01:money:monghwa:all:focus,,,,,,,,,,,,,,
R01:money:seoyeok:free:focus,,,,,,,,,,,,,,
R01:money:seoyeok:one:focus,,,,,,,,,,,,,,
R01:money:seoyeok:sub:focus,,,,,,,,,,,,,,
R01:money:seoyeok:all:focus,,,,,,,,,,,,,,
R01:money:paeseon:free:focus,,,,,,,,,,,,,,
R01:money:paeseon:one:focus,,,,,,,,,,,,,,
R01:money:paeseon:sub:focus,,,,,,,,,,,,,,
R01:money:paeseon:all:focus,,,,,,,,,,,,,,
R01:money:myeonsang:free:focus,,,,,,,,,,,,,,
R01:money:myeonsang:one:focus,,,,,,,,,,,,,,
R01:money:myeonsang:sub:focus,,,,,,,,,,,,,,
R01:money:myeonsang:all:focus,,,,,,,,,,,,,,
R01:money:wolha:free:focus,,,,,,,,,,,,,,
R01:money:wolha:one:focus,,,,,,,,,,,,,,
R01:money:wolha:sub:focus,,,,,,,,,,,,,,
R01:money:wolha:all:focus,,,,,,,,,,,,,,
R01:money:hongmae:free:focus,,,,,,,,,,,,,,
R01:money:hongmae:one:focus,,,,,,,,,,,,,,
R01:money:hongmae:sub:focus,,,,,,,,,,,,,,
R01:money:hongmae:all:focus,,,,,,,,,,,,,,
R01:money:yeondam:free:focus,,,,,,,,,,,,,,
R01:money:yeondam:one:focus,,,,,,,,,,,,,,
R01:money:yeondam:sub:focus,,,,,,,,,,,,,,
R01:money:yeondam:all:focus,,,,,,,,,,,,,,
R01:money:hwagyeong:free:focus,,,,,,,,,,,,,,
R01:money:hwagyeong:one:focus,,,,,,,,,,,,,,
R01:money:hwagyeong:sub:focus,,,,,,,,,,,,,,
R01:money:hwagyeong:all:focus,,,,,,,,,,,,,,
R01:money:haengsu:free:focus,,,,,,,,,,,,,,
R01:money:haengsu:one:focus,,,,,,,,,,,,,,
R01:money:haengsu:sub:focus,,,,,,,,,,,,,,
R01:money:haengsu:all:focus,,,,,,,,,,,,,,
R01:money:hunjang:free:focus,,,,,,,,,,,,,,
R01:money:hunjang:one:focus,,,,,,,,,,,,,,
R01:money:hunjang:sub:focus,,,,,,,,,,,,,,
R01:money:hunjang:all:focus,,,,,,,,,,,,,,
R01:money:yakcho:free:focus,,,,,,,,,,,,,,
R01:money:yakcho:one:focus,,,,,,,,,,,,,,
R01:money:yakcho:sub:focus,,,,,,,,,,,,,,
R01:money:yakcho:all:focus,,,,,,,,,,,,,,
R01:money:ilgwan:free:focus,,,,,,,,,,,,,,
R01:money:ilgwan:one:focus,,,,,,,,,,,,,,
R01:money:ilgwan:sub:focus,,,,,,,,,,,,,,
R01:money:ilgwan:all:focus,,,,,,,,,,,,,,
R01:money:nopa:free:focus,,,,,,,,,,,,,,
R01:money:nopa:one:focus,,,,,,,,,,,,,,
R01:money:nopa:sub:focus,,,,,,,,,,,,,,
R01:money:nopa:all:focus,,,,,,,,,,,,,,
R01:money:dongja:free:focus,,,,,,,,,,,,,,
R01:money:dongja:one:focus,,,,,,,,,,,,,,
R01:money:dongja:sub:focus,,,,,,,,,,,,,,
R01:money:dongja:all:focus,,,,,,,,,,,,,,
R01:love:pungun:all:book,,,,,,,,,,,,,,
R01:love:pungun:free:focus,,,,,,,,,,,,,,
R01:love:pungun:one:focus,,,,,,,,,,,,,,
R01:love:pungun:sub:focus,,,,,,,,,,,,,,
R01:love:pungun:all:focus,,,,,,,,,,,,,,
R01:love:baegun:free:focus,,,,,,,,,,,,,,
R01:love:baegun:one:focus,,,,,,,,,,,,,,
R01:love:baegun:sub:focus,,,,,,,,,,,,,,
R01:love:baegun:all:focus,,,,,,,,,,,,,,
R01:love:cheongam:free:focus,,,,,,,,,,,,,,
R01:love:cheongam:one:focus,,,,,,,,,,,,,,
R01:love:cheongam:sub:focus,,,,,,,,,,,,,,
R01:love:cheongam:all:focus,,,,,,,,,,,,,,
R01:love:sigye:free:focus,,,,,,,,,,,,,,
R01:love:sigye:one:focus,,,,,,,,,,,,,,
R01:love:sigye:sub:focus,,,,,,,,,,,,,,
R01:love:sigye:all:focus,,,,,,,,,,,,,,
R01:love:eunbyeol:free:focus,,,,,,,,,,,,,,
R01:love:eunbyeol:one:focus,,,,,,,,,,,,,,
R01:love:eunbyeol:sub:focus,,,,,,,,,,,,,,
R01:love:eunbyeol:all:focus,,,,,,,,,,,,,,
R01:love:jeokhyeol:free:focus,,,,,,,,,,,,,,
R01:love:jeokhyeol:one:focus,,,,,,,,,,,,,,
R01:love:jeokhyeol:sub:focus,,,,,,,,,,,,,,
R01:love:jeokhyeol:all:focus,,,,,,,,,,,,,,
R01:love:monghwa:free:focus,,,,,,,,,,,,,,
R01:love:monghwa:one:focus,,,,,,,,,,,,,,
R01:love:monghwa:sub:focus,,,,,,,,,,,,,,
R01:love:monghwa:all:focus,,,,,,,,,,,,,,
R01:love:seoyeok:free:focus,,,,,,,,,,,,,,
R01:love:seoyeok:one:focus,,,,,,,,,,,,,,
R01:love:seoyeok:sub:focus,,,,,,,,,,,,,,
R01:love:seoyeok:all:focus,,,,,,,,,,,,,,
R01:love:paeseon:free:focus,,,,,,,,,,,,,,
R01:love:paeseon:one:focus,,,,,,,,,,,,,,
R01:love:paeseon:sub:focus,,,,,,,,,,,,,,
R01:love:paeseon:all:focus,,,,,,,,,,,,,,
R01:love:myeonsang:free:focus,,,,,,,,,,,,,,
R01:love:myeonsang:one:focus,,,,,,,,,,,,,,
R01:love:myeonsang:sub:focus,,,,,,,,,,,,,,
R01:love:myeonsang:all:focus,,,,,,,,,,,,,,
R01:love:wolha:free:focus,,,,,,,,,,,,,,
R01:love:wolha:one:focus,,,,,,,,,,,,,,
R01:love:wolha:sub:focus,,,,,,,,,,,,,,
R01:love:wolha:all:focus,,,,,,,,,,,,,,
R01:love:hongmae:free:focus,,,,,,,,,,,,,,
R01:love:hongmae:one:focus,,,,,,,,,,,,,,
R01:love:hongmae:sub:focus,,,,,,,,,,,,,,
R01:love:hongmae:all:focus,,,,,,,,,,,,,,
R01:love:yeondam:free:focus,,,,,,,,,,,,,,
R01:love:yeondam:one:focus,,,,,,,,,,,,,,
R01:love:yeondam:sub:focus,,,,,,,,,,,,,,
R01:love:yeondam:all:focus,,,,,,,,,,,,,,
R01:love:hwagyeong:free:focus,,,,,,,,,,,,,,
R01:love:hwagyeong:one:focus,,,,,,,,,,,,,,
R01:love:hwagyeong:sub:focus,,,,,,,,,,,,,,
R01:love:hwagyeong:all:focus,,,,,,,,,,,,,,
R01:love:haengsu:free:focus,,,,,,,,,,,,,,
R01:love:haengsu:one:focus,,,,,,,,,,,,,,
R01:love:haengsu:sub:focus,,,,,,,,,,,,,,
R01:love:haengsu:all:focus,,,,,,,,,,,,,,
R01:love:hunjang:free:focus,,,,,,,,,,,,,,
R01:love:hunjang:one:focus,,,,,,,,,,,,,,
R01:love:hunjang:sub:focus,,,,,,,,,,,,,,
R01:love:hunjang:all:focus,,,,,,,,,,,,,,
R01:love:yakcho:free:focus,,,,,,,,,,,,,,
R01:love:yakcho:one:focus,,,,,,,,,,,,,,
R01:love:yakcho:sub:focus,,,,,,,,,,,,,,
R01:love:yakcho:all:focus,,,,,,,,,,,,,,
R01:love:ilgwan:free:focus,,,,,,,,,,,,,,
R01:love:ilgwan:one:focus,,,,,,,,,,,,,,
R01:love:ilgwan:sub:focus,,,,,,,,,,,,,,
R01:love:ilgwan:all:focus,,,,,,,,,,,,,,
R01:love:nopa:free:focus,,,,,,,,,,,,,,
R01:love:nopa:one:focus,,,,,,,,,,,,,,
R01:love:nopa:sub:focus,,,,,,,,,,,,,,
R01:love:nopa:all:focus,,,,,,,,,,,,,,
R01:love:dongja:free:focus,,,,,,,,,,,,,,
R01:love:dongja:one:focus,,,,,,,,,,,,,,
R01:love:dongja:sub:focus,,,,,,,,,,,,,,
R01:love:dongja:all:focus,,,,,,,,,,,,,,
R01:people:pungun:all:book,,,,,,,,,,,,,,
R01:people:pungun:free:focus,,,,,,,,,,,,,,
R01:people:pungun:one:focus,,,,,,,,,,,,,,
R01:people:pungun:sub:focus,,,,,,,,,,,,,,
R01:people:pungun:all:focus,,,,,,,,,,,,,,
R01:people:baegun:free:focus,,,,,,,,,,,,,,
R01:people:baegun:one:focus,,,,,,,,,,,,,,
R01:people:baegun:sub:focus,,,,,,,,,,,,,,
R01:people:baegun:all:focus,,,,,,,,,,,,,,
R01:people:cheongam:free:focus,,,,,,,,,,,,,,
R01:people:cheongam:one:focus,,,,,,,,,,,,,,
R01:people:cheongam:sub:focus,,,,,,,,,,,,,,
R01:people:cheongam:all:focus,,,,,,,,,,,,,,
R01:people:sigye:free:focus,,,,,,,,,,,,,,
R01:people:sigye:one:focus,,,,,,,,,,,,,,
R01:people:sigye:sub:focus,,,,,,,,,,,,,,
R01:people:sigye:all:focus,,,,,,,,,,,,,,
R01:people:eunbyeol:free:focus,,,,,,,,,,,,,,
R01:people:eunbyeol:one:focus,,,,,,,,,,,,,,
R01:people:eunbyeol:sub:focus,,,,,,,,,,,,,,
R01:people:eunbyeol:all:focus,,,,,,,,,,,,,,
R01:people:jeokhyeol:free:focus,,,,,,,,,,,,,,
R01:people:jeokhyeol:one:focus,,,,,,,,,,,,,,
R01:people:jeokhyeol:sub:focus,,,,,,,,,,,,,,
R01:people:jeokhyeol:all:focus,,,,,,,,,,,,,,
R01:people:monghwa:free:focus,,,,,,,,,,,,,,
R01:people:monghwa:one:focus,,,,,,,,,,,,,,
R01:people:monghwa:sub:focus,,,,,,,,,,,,,,
R01:people:monghwa:all:focus,,,,,,,,,,,,,,
R01:people:seoyeok:free:focus,,,,,,,,,,,,,,
R01:people:seoyeok:one:focus,,,,,,,,,,,,,,
R01:people:seoyeok:sub:focus,,,,,,,,,,,,,,
R01:people:seoyeok:all:focus,,,,,,,,,,,,,,
R01:people:paeseon:free:focus,,,,,,,,,,,,,,
R01:people:paeseon:one:focus,,,,,,,,,,,,,,
R01:people:paeseon:sub:focus,,,,,,,,,,,,,,
R01:people:paeseon:all:focus,,,,,,,,,,,,,,
R01:people:myeonsang:free:focus,,,,,,,,,,,,,,
R01:people:myeonsang:one:focus,,,,,,,,,,,,,,
R01:people:myeonsang:sub:focus,,,,,,,,,,,,,,
R01:people:myeonsang:all:focus,,,,,,,,,,,,,,
R01:people:wolha:free:focus,,,,,,,,,,,,,,
R01:people:wolha:one:focus,,,,,,,,,,,,,,
R01:people:wolha:sub:focus,,,,,,,,,,,,,,
R01:people:wolha:all:focus,,,,,,,,,,,,,,
R01:people:hongmae:free:focus,,,,,,,,,,,,,,
R01:people:hongmae:one:focus,,,,,,,,,,,,,,
R01:people:hongmae:sub:focus,,,,,,,,,,,,,,
R01:people:hongmae:all:focus,,,,,,,,,,,,,,
R01:people:yeondam:free:focus,,,,,,,,,,,,,,
R01:people:yeondam:one:focus,,,,,,,,,,,,,,
R01:people:yeondam:sub:focus,,,,,,,,,,,,,,
R01:people:yeondam:all:focus,,,,,,,,,,,,,,
R01:people:hwagyeong:free:focus,,,,,,,,,,,,,,
R01:people:hwagyeong:one:focus,,,,,,,,,,,,,,
R01:people:hwagyeong:sub:focus,,,,,,,,,,,,,,
R01:people:hwagyeong:all:focus,,,,,,,,,,,,,,
R01:people:haengsu:free:focus,,,,,,,,,,,,,,
R01:people:haengsu:one:focus,,,,,,,,,,,,,,
R01:people:haengsu:sub:focus,,,,,,,,,,,,,,
R01:people:haengsu:all:focus,,,,,,,,,,,,,,
R01:people:hunjang:free:focus,,,,,,,,,,,,,,
R01:people:hunjang:one:focus,,,,,,,,,,,,,,
R01:people:hunjang:sub:focus,,,,,,,,,,,,,,
R01:people:hunjang:all:focus,,,,,,,,,,,,,,
R01:people:yakcho:free:focus,,,,,,,,,,,,,,
R01:people:yakcho:one:focus,,,,,,,,,,,,,,
R01:people:yakcho:sub:focus,,,,,,,,,,,,,,
R01:people:yakcho:all:focus,,,,,,,,,,,,,,
R01:people:ilgwan:free:focus,,,,,,,,,,,,,,
R01:people:ilgwan:one:focus,,,,,,,,,,,,,,
R01:people:ilgwan:sub:focus,,,,,,,,,,,,,,
R01:people:ilgwan:all:focus,,,,,,,,,,,,,,
R01:people:nopa:free:focus,,,,,,,,,,,,,,
R01:people:nopa:one:focus,,,,,,,,,,,,,,
R01:people:nopa:sub:focus,,,,,,,,,,,,,,
R01:people:nopa:all:focus,,,,,,,,,,,,,,
R01:people:dongja:free:focus,,,,,,,,,,,,,,
R01:people:dongja:one:focus,,,,,,,,,,,,,,
R01:people:dongja:sub:focus,,,,,,,,,,,,,,
R01:people:dongja:all:focus,,,,,,,,,,,,,,
R01:dir:pungun:all:book,,,,,,,,,,,,,,
R01:dir:pungun:free:focus,,,,,,,,,,,,,,
R01:dir:pungun:one:focus,,,,,,,,,,,,,,
R01:dir:pungun:sub:focus,,,,,,,,,,,,,,
R01:dir:pungun:all:focus,,,,,,,,,,,,,,
R01:dir:baegun:free:focus,,,,,,,,,,,,,,
R01:dir:baegun:one:focus,,,,,,,,,,,,,,
R01:dir:baegun:sub:focus,,,,,,,,,,,,,,
R01:dir:baegun:all:focus,,,,,,,,,,,,,,
R01:dir:cheongam:free:focus,,,,,,,,,,,,,,
R01:dir:cheongam:one:focus,,,,,,,,,,,,,,
R01:dir:cheongam:sub:focus,,,,,,,,,,,,,,
R01:dir:cheongam:all:focus,,,,,,,,,,,,,,
R01:dir:sigye:free:focus,,,,,,,,,,,,,,
R01:dir:sigye:one:focus,,,,,,,,,,,,,,
R01:dir:sigye:sub:focus,,,,,,,,,,,,,,
R01:dir:sigye:all:focus,,,,,,,,,,,,,,
R01:dir:eunbyeol:free:focus,,,,,,,,,,,,,,
R01:dir:eunbyeol:one:focus,,,,,,,,,,,,,,
R01:dir:eunbyeol:sub:focus,,,,,,,,,,,,,,
R01:dir:eunbyeol:all:focus,,,,,,,,,,,,,,
R01:dir:jeokhyeol:free:focus,,,,,,,,,,,,,,
R01:dir:jeokhyeol:one:focus,,,,,,,,,,,,,,
R01:dir:jeokhyeol:sub:focus,,,,,,,,,,,,,,
R01:dir:jeokhyeol:all:focus,,,,,,,,,,,,,,
R01:dir:monghwa:free:focus,,,,,,,,,,,,,,
R01:dir:monghwa:one:focus,,,,,,,,,,,,,,
R01:dir:monghwa:sub:focus,,,,,,,,,,,,,,
R01:dir:monghwa:all:focus,,,,,,,,,,,,,,
R01:dir:seoyeok:free:focus,,,,,,,,,,,,,,
R01:dir:seoyeok:one:focus,,,,,,,,,,,,,,
R01:dir:seoyeok:sub:focus,,,,,,,,,,,,,,
R01:dir:seoyeok:all:focus,,,,,,,,,,,,,,
R01:dir:paeseon:free:focus,,,,,,,,,,,,,,
R01:dir:paeseon:one:focus,,,,,,,,,,,,,,
R01:dir:paeseon:sub:focus,,,,,,,,,,,,,,
R01:dir:paeseon:all:focus,,,,,,,,,,,,,,
R01:dir:myeonsang:free:focus,,,,,,,,,,,,,,
R01:dir:myeonsang:one:focus,,,,,,,,,,,,,,
R01:dir:myeonsang:sub:focus,,,,,,,,,,,,,,
R01:dir:myeonsang:all:focus,,,,,,,,,,,,,,
R01:dir:wolha:free:focus,,,,,,,,,,,,,,
R01:dir:wolha:one:focus,,,,,,,,,,,,,,
R01:dir:wolha:sub:focus,,,,,,,,,,,,,,
R01:dir:wolha:all:focus,,,,,,,,,,,,,,
R01:dir:hongmae:free:focus,,,,,,,,,,,,,,
R01:dir:hongmae:one:focus,,,,,,,,,,,,,,
R01:dir:hongmae:sub:focus,,,,,,,,,,,,,,
R01:dir:hongmae:all:focus,,,,,,,,,,,,,,
R01:dir:yeondam:free:focus,,,,,,,,,,,,,,
R01:dir:yeondam:one:focus,,,,,,,,,,,,,,
R01:dir:yeondam:sub:focus,,,,,,,,,,,,,,
R01:dir:yeondam:all:focus,,,,,,,,,,,,,,
R01:dir:hwagyeong:free:focus,,,,,,,,,,,,,,
R01:dir:hwagyeong:one:focus,,,,,,,,,,,,,,
R01:dir:hwagyeong:sub:focus,,,,,,,,,,,,,,
R01:dir:hwagyeong:all:focus,,,,,,,,,,,,,,
R01:dir:haengsu:free:focus,,,,,,,,,,,,,,
R01:dir:haengsu:one:focus,,,,,,,,,,,,,,
R01:dir:haengsu:sub:focus,,,,,,,,,,,,,,
R01:dir:haengsu:all:focus,,,,,,,,,,,,,,
R01:dir:hunjang:free:focus,,,,,,,,,,,,,,
R01:dir:hunjang:one:focus,,,,,,,,,,,,,,
R01:dir:hunjang:sub:focus,,,,,,,,,,,,,,
R01:dir:hunjang:all:focus,,,,,,,,,,,,,,
R01:dir:yakcho:free:focus,,,,,,,,,,,,,,
R01:dir:yakcho:one:focus,,,,,,,,,,,,,,
R01:dir:yakcho:sub:focus,,,,,,,,,,,,,,
R01:dir:yakcho:all:focus,,,,,,,,,,,,,,
R01:dir:ilgwan:free:focus,,,,,,,,,,,,,,
R01:dir:ilgwan:one:focus,,,,,,,,,,,,,,
R01:dir:ilgwan:sub:focus,,,,,,,,,,,,,,
R01:dir:ilgwan:all:focus,,,,,,,,,,,,,,
R01:dir:nopa:free:focus,,,,,,,,,,,,,,
R01:dir:nopa:one:focus,,,,,,,,,,,,,,
R01:dir:nopa:sub:focus,,,,,,,,,,,,,,
R01:dir:nopa:all:focus,,,,,,,,,,,,,,
R01:dir:dongja:free:focus,,,,,,,,,,,,,,
R01:dir:dongja:one:focus,,,,,,,,,,,,,,
R01:dir:dongja:sub:focus,,,,,,,,,,,,,,
R01:dir:dongja:all:focus,,,,,,,,,,,,,,
R01:health:pungun:all:book,,,,,,,,,,,,,,
R01:health:pungun:free:focus,,,,,,,,,,,,,,
R01:health:pungun:one:focus,,,,,,,,,,,,,,
R01:health:pungun:sub:focus,,,,,,,,,,,,,,
R01:health:pungun:all:focus,,,,,,,,,,,,,,
R01:health:baegun:free:focus,,,,,,,,,,,,,,
R01:health:baegun:one:focus,,,,,,,,,,,,,,
R01:health:baegun:sub:focus,,,,,,,,,,,,,,
R01:health:baegun:all:focus,,,,,,,,,,,,,,
R01:health:cheongam:free:focus,,,,,,,,,,,,,,
R01:health:cheongam:one:focus,,,,,,,,,,,,,,
R01:health:cheongam:sub:focus,,,,,,,,,,,,,,
R01:health:cheongam:all:focus,,,,,,,,,,,,,,
R01:health:sigye:free:focus,,,,,,,,,,,,,,
R01:health:sigye:one:focus,,,,,,,,,,,,,,
R01:health:sigye:sub:focus,,,,,,,,,,,,,,
R01:health:sigye:all:focus,,,,,,,,,,,,,,
R01:health:eunbyeol:free:focus,,,,,,,,,,,,,,
R01:health:eunbyeol:one:focus,,,,,,,,,,,,,,
R01:health:eunbyeol:sub:focus,,,,,,,,,,,,,,
R01:health:eunbyeol:all:focus,,,,,,,,,,,,,,
R01:health:jeokhyeol:free:focus,,,,,,,,,,,,,,
R01:health:jeokhyeol:one:focus,,,,,,,,,,,,,,
R01:health:jeokhyeol:sub:focus,,,,,,,,,,,,,,
R01:health:jeokhyeol:all:focus,,,,,,,,,,,,,,
R01:health:monghwa:free:focus,,,,,,,,,,,,,,
R01:health:monghwa:one:focus,,,,,,,,,,,,,,
R01:health:monghwa:sub:focus,,,,,,,,,,,,,,
R01:health:monghwa:all:focus,,,,,,,,,,,,,,
R01:health:seoyeok:free:focus,,,,,,,,,,,,,,
R01:health:seoyeok:one:focus,,,,,,,,,,,,,,
R01:health:seoyeok:sub:focus,,,,,,,,,,,,,,
R01:health:seoyeok:all:focus,,,,,,,,,,,,,,
R01:health:paeseon:free:focus,,,,,,,,,,,,,,
R01:health:paeseon:one:focus,,,,,,,,,,,,,,
R01:health:paeseon:sub:focus,,,,,,,,,,,,,,
R01:health:paeseon:all:focus,,,,,,,,,,,,,,
R01:health:myeonsang:free:focus,,,,,,,,,,,,,,
R01:health:myeonsang:one:focus,,,,,,,,,,,,,,
R01:health:myeonsang:sub:focus,,,,,,,,,,,,,,
R01:health:myeonsang:all:focus,,,,,,,,,,,,,,
R01:health:wolha:free:focus,,,,,,,,,,,,,,
R01:health:wolha:one:focus,,,,,,,,,,,,,,
R01:health:wolha:sub:focus,,,,,,,,,,,,,,
R01:health:wolha:all:focus,,,,,,,,,,,,,,
R01:health:hongmae:free:focus,,,,,,,,,,,,,,
R01:health:hongmae:one:focus,,,,,,,,,,,,,,
R01:health:hongmae:sub:focus,,,,,,,,,,,,,,
R01:health:hongmae:all:focus,,,,,,,,,,,,,,
R01:health:yeondam:free:focus,,,,,,,,,,,,,,
R01:health:yeondam:one:focus,,,,,,,,,,,,,,
R01:health:yeondam:sub:focus,,,,,,,,,,,,,,
R01:health:yeondam:all:focus,,,,,,,,,,,,,,
R01:health:hwagyeong:free:focus,,,,,,,,,,,,,,
R01:health:hwagyeong:one:focus,,,,,,,,,,,,,,
R01:health:hwagyeong:sub:focus,,,,,,,,,,,,,,
R01:health:hwagyeong:all:focus,,,,,,,,,,,,,,
R01:health:haengsu:free:focus,,,,,,,,,,,,,,
R01:health:haengsu:one:focus,,,,,,,,,,,,,,
R01:health:haengsu:sub:focus,,,,,,,,,,,,,,
R01:health:haengsu:all:focus,,,,,,,,,,,,,,
R01:health:hunjang:free:focus,,,,,,,,,,,,,,
R01:health:hunjang:one:focus,,,,,,,,,,,,,,
R01:health:hunjang:sub:focus,,,,,,,,,,,,,,
R01:health:hunjang:all:focus,,,,,,,,,,,,,,
R01:health:yakcho:free:focus,,,,,,,,,,,,,,
R01:health:yakcho:one:focus,,,,,,,,,,,,,,
R01:health:yakcho:sub:focus,,,,,,,,,,,,,,
R01:health:yakcho:all:focus,,,,,,,,,,,,,,
R01:health:ilgwan:free:focus,,,,,,,,,,,,,,
R01:health:ilgwan:one:focus,,,,,,,,,,,,,,
R01:health:ilgwan:sub:focus,,,,,,,,,,,,,,
R01:health:ilgwan:all:focus,,,,,,,,,,,,,,
R01:health:nopa:free:focus,,,,,,,,,,,,,,
R01:health:nopa:one:focus,,,,,,,,,,,,,,
R01:health:nopa:sub:focus,,,,,,,,,,,,,,
R01:health:nopa:all:focus,,,,,,,,,,,,,,
R01:health:dongja:free:focus,,,,,,,,,,,,,,
R01:health:dongja:one:focus,,,,,,,,,,,,,,
R01:health:dongja:sub:focus,,,,,,,,,,,,,,
R01:health:dongja:all:focus,,,,,,,,,,,,,,
R02:work:pungun:all:book,,,,,,,,,,,,,,
R02:money:pungun:all:book,,,,,,,,,,,,,,
R02:love:pungun:all:book,,,,,,,,,,,,,,
R02:people:pungun:all:book,,,,,,,,,,,,,,
R02:dir:pungun:all:book,,,,,,,,,,,,,,
R02:health:pungun:all:book,,,,,,,,,,,,,,
R03:work:pungun:all:book,,,,,,,,,,,,,,
R03:money:pungun:all:book,,,,,,,,,,,,,,
R03:love:pungun:all:book,,,,,,,,,,,,,,
R03:people:pungun:all:book,,,,,,,,,,,,,,
R03:dir:pungun:all:book,,,,,,,,,,,,,,
R03:health:pungun:all:book,,,,,,,,,,,,,,
R04:work:pungun:all:book,,,,,,,,,,,,,,
R04:money:pungun:all:book,,,,,,,,,,,,,,
R04:love:pungun:all:book,,,,,,,,,,,,,,
R04:people:pungun:all:book,,,,,,,,,,,,,,
R04:dir:pungun:all:book,,,,,,,,,,,,,,
R04:health:pungun:all:book,,,,,,,,,,,,,,
R05:work:pungun:all:book,,,,,,,,,,,,,,
R05:money:pungun:all:book,,,,,,,,,,,,,,
R05:love:pungun:all:book,,,,,,,,,,,,,,
R05:people:pungun:all:book,,,,,,,,,,,,,,
R05:dir:pungun:all:book,,,,,,,,,,,,,,
R05:health:pungun:all:book,,,,,,,,,,,,,,
R06:work:pungun:all:book,,,,,,,,,,,,,,
R06:money:pungun:all:book,,,,,,,,,,,,,,
R06:love:pungun:all:book,,,,,,,,,,,,,,
R06:people:pungun:all:book,,,,,,,,,,,,,,
R06:dir:pungun:all:book,,,,,,,,,,,,,,
R06:health:pungun:all:book,,,,,,,,,,,,,,
R07:work:pungun:all:book,,,,,,,,,,,,,,
R07:money:pungun:all:book,,,,,,,,,,,,,,
R07:love:pungun:all:book,,,,,,,,,,,,,,
R07:people:pungun:all:book,,,,,,,,,,,,,,
R07:dir:pungun:all:book,,,,,,,,,,,,,,
R07:health:pungun:all:book,,,,,,,,,,,,,,
R08:work:pungun:all:book,,,,,,,,,,,,,,
R08:money:pungun:all:book,,,,,,,,,,,,,,
R08:love:pungun:all:book,,,,,,,,,,,,,,
R08:people:pungun:all:book,,,,,,,,,,,,,,
R08:dir:pungun:all:book,,,,,,,,,,,,,,
R08:health:pungun:all:book,,,,,,,,,,,,,,
R09:work:pungun:all:book,,,,,,,,,,,,,,
R09:money:pungun:all:book,,,,,,,,,,,,,,
R09:love:pungun:all:book,,,,,,,,,,,,,,
R09:people:pungun:all:book,,,,,,,,,,,,,,
R09:dir:pungun:all:book,,,,,,,,,,,,,,
R09:health:pungun:all:book,,,,,,,,,,,,,,
R10:work:pungun:all:book,,,,,,,,,,,,,,
R10:money:pungun:all:book,,,,,,,,,,,,,,
R10:love:pungun:all:book,,,,,,,,,,,,,,
R10:people:pungun:all:book,,,,,,,,,,,,,,
R10:dir:pungun:all:book,,,,,,,,,,,,,,
R10:health:pungun:all:book,,,,,,,,,,,,,,
R11:work:pungun:all:book,,,,,,,,,,,,,,
R11:money:pungun:all:book,,,,,,,,,,,,,,
R11:love:pungun:all:book,,,,,,,,,,,,,,
R11:people:pungun:all:book,,,,,,,,,,,,,,
R11:dir:pungun:all:book,,,,,,,,,,,,,,
R11:health:pungun:all:book,,,,,,,,,,,,,,
R12:work:pungun:all:book,,,,,,,,,,,,,,
R12:money:pungun:all:book,,,,,,,,,,,,,,
R12:love:pungun:all:book,,,,,,,,,,,,,,
R12:people:pungun:all:book,,,,,,,,,,,,,,
R12:dir:pungun:all:book,,,,,,,,,,,,,,
R12:health:pungun:all:book,,,,,,,,,,,,,,
R13:work:pungun:all:book,,,,,,,,,,,,,,
R13:money:pungun:all:book,,,,,,,,,,,,,,
R13:love:pungun:all:book,,,,,,,,,,,,,,
R13:people:pungun:all:book,,,,,,,,,,,,,,
R13:dir:pungun:all:book,,,,,,,,,,,,,,
R13:health:pungun:all:book,,,,,,,,,,,,,,
R14:work:pungun:all:book,,,,,,,,,,,,,,
R14:money:pungun:all:book,,,,,,,,,,,,,,
R14:love:pungun:all:book,,,,,,,,,,,,,,
R14:people:pungun:all:book,,,,,,,,,,,,,,
R14:dir:pungun:all:book,,,,,,,,,,,,,,
R14:health:pungun:all:book,,,,,,,,,,,,,,
R15:work:pungun:all:book,,,,,,,,,,,,,,
R15:money:pungun:all:book,,,,,,,,,,,,,,
R15:love:pungun:all:book,,,,,,,,,,,,,,
R15:people:pungun:all:book,,,,,,,,,,,,,,
R15:dir:pungun:all:book,,,,,,,,,,,,,,
R15:health:pungun:all:book,,,,,,,,,,,,,,
R16:work:pungun:all:book,,,,,,,,,,,,,,
R16:money:pungun:all:book,,,,,,,,,,,,,,
R16:love:pungun:all:book,,,,,,,,,,,,,,
R16:people:pungun:all:book,,,,,,,,,,,,,,
R16:dir:pungun:all:book,,,,,,,,,,,,,,
R16:health:pungun:all:book,,,,,,,,,,,,,,
R17:work:pungun:all:book,,,,,,,,,,,,,,
R17:money:pungun:all:book,,,,,,,,,,,,,,
R17:love:pungun:all:book,,,,,,,,,,,,,,
R17:people:pungun:all:book,,,,,,,,,,,,,,
R17:dir:pungun:all:book,,,,,,,,,,,,,,
R17:health:pungun:all:book,,,,,,,,,,,,,,
R18:work:pungun:all:book,,,,,,,,,,,,,,
R18:money:pungun:all:book,,,,,,,,,,,,,,
R18:love:pungun:all:book,,,,,,,,,,,,,,
R18:people:pungun:all:book,,,,,,,,,,,,,,
R18:dir:pungun:all:book,,,,,,,,,,,,,,
R18:health:pungun:all:book,,,,,,,,,,,,,,
R19:work:pungun:all:book,,,,,,,,,,,,,,
R19:money:pungun:all:book,,,,,,,,,,,,,,
R19:love:pungun:all:book,,,,,,,,,,,,,,
R19:people:pungun:all:book,,,,,,,,,,,,,,
R19:dir:pungun:all:book,,,,,,,,,,,,,,
R19:health:pungun:all:book,,,,,,,,,,,,,,
R20:work:pungun:all:book,,,,,,,,,,,,,,
R20:money:pungun:all:book,,,,,,,,,,,,,,
R20:love:pungun:all:book,,,,,,,,,,,,,,
R20:people:pungun:all:book,,,,,,,,,,,,,,
R20:dir:pungun:all:book,,,,,,,,,,,,,,
R20:health:pungun:all:book,,,,,,,,,,,,,,
R21:work:pungun:all:book,,,,,,,,,,,,,,
R21:money:pungun:all:book,,,,,,,,,,,,,,
R21:love:pungun:all:book,,,,,,,,,,,,,,
R21:people:pungun:all:book,,,,,,,,,,,,,,
R21:dir:pungun:all:book,,,,,,,,,,,,,,
R21:health:pungun:all:book,,,,,,,,,,,,,,
R22:work:pungun:all:book,,,,,,,,,,,,,,
R22:money:pungun:all:book,,,,,,,,,,,,,,
R22:love:pungun:all:book,,,,,,,,,,,,,,
R22:people:pungun:all:book,,,,,,,,,,,,,,
R22:dir:pungun:all:book,,,,,,,,,,,,,,
R22:health:pungun:all:book,,,,,,,,,,,,,,
R23:work:pungun:all:book,,,,,,,,,,,,,,
R23:money:pungun:all:book,,,,,,,,,,,,,,
R23:love:pungun:all:book,,,,,,,,,,,,,,
R23:people:pungun:all:book,,,,,,,,,,,,,,
R23:dir:pungun:all:book,,,,,,,,,,,,,,
R23:health:pungun:all:book,,,,,,,,,,,,,,
R24:work:pungun:all:book,,,,,,,,,,,,,,
R24:money:pungun:all:book,,,,,,,,,,,,,,
R24:love:pungun:all:book,,,,,,,,,,,,,,
R24:people:pungun:all:book,,,,,,,,,,,,,,
R24:dir:pungun:all:book,,,,,,,,,,,,,,
R24:health:pungun:all:book,,,,,,,,,,,,,,
R25:work:pungun:all:book,,,,,,,,,,,,,,
R25:money:pungun:all:book,,,,,,,,,,,,,,
R25:love:pungun:all:book,,,,,,,,,,,,,,
R25:people:pungun:all:book,,,,,,,,,,,,,,
R25:dir:pungun:all:book,,,,,,,,,,,,,,
R25:health:pungun:all:book,,,,,,,,,,,,,,
R26:work:pungun:all:book,,,,,,,,,,,,,,
R26:money:pungun:all:book,,,,,,,,,,,,,,
R26:love:pungun:all:book,,,,,,,,,,,,,,
R26:people:pungun:all:book,,,,,,,,,,,,,,
R26:dir:pungun:all:book,,,,,,,,,,,,,,
R26:health:pungun:all:book,,,,,,,,,,,,,,
R27:work:pungun:all:book,,,,,,,,,,,,,,
R27:money:pungun:all:book,,,,,,,,,,,,,,
R27:love:pungun:all:book,,,,,,,,,,,,,,
R27:people:pungun:all:book,,,,,,,,,,,,,,
R27:dir:pungun:all:book,,,,,,,,,,,,,,
R27:health:pungun:all:book,,,,,,,,,,,,,,
R28:work:pungun:all:book,,,,,,,,,,,,,,
R28:money:pungun:all:book,,,,,,,,,,,,,,
R28:love:pungun:all:book,,,,,,,,,,,,,,
R28:people:pungun:all:book,,,,,,,,,,,,,,
R28:dir:pungun:all:book,,,,,,,,,,,,,,
R28:health:pungun:all:book,,,,,,,,,,,,,,
R29:work:pungun:all:book,,,,,,,,,,,,,,
R29:money:pungun:all:book,,,,,,,,,,,,,,
R29:love:pungun:all:book,,,,,,,,,,,,,,
R29:people:pungun:all:book,,,,,,,,,,,,,,
R29:dir:pungun:all:book,,,,,,,,,,,,,,
R29:health:pungun:all:book,,,,,,,,,,,,,,
R30:work:pungun:all:book,,,,,,,,,,,,,,
R30:money:pungun:all:book,,,,,,,,,,,,,,
R30:love:pungun:all:book,,,,,,,,,,,,,,
R30:people:pungun:all:book,,,,,,,,,,,,,,
R30:dir:pungun:all:book,,,,,,,,,,,,,,
R30:health:pungun:all:book,,,,,,,,,,,,,,
R01:work:hook,,,,,,,,,,,,,,
R01:work:daily,,,,,,,,,,,,,,
R01:work:summary,,,,,,,,,,,,,,
R01:money:hook,,,,,,,,,,,,,,
R01:money:daily,,,,,,,,,,,,,,
R01:money:summary,,,,,,,,,,,,,,
R01:love:hook,,,,,,,,,,,,,,
R01:love:daily,,,,,,,,,,,,,,
R01:love:summary,,,,,,,,,,,,,,
R01:people:hook,,,,,,,,,,,,,,
R01:people:daily,,,,,,,,,,,,,,
R01:people:summary,,,,,,,,,,,,,,
R01:dir:hook,,,,,,,,,,,,,,
R01:dir:daily,,,,,,,,,,,,,,
R01:dir:summary,,,,,,,,,,,,,,
R01:health:hook,,,,,,,,,,,,,,
R01:health:daily,,,,,,,,,,,,,,
R01:health:summary,,,,,,,,,,,,,,
R02:work:hook,,,,,,,,,,,,,,
R02:work:daily,,,,,,,,,,,,,,
R02:work:summary,,,,,,,,,,,,,,
R02:money:hook,,,,,,,,,,,,,,
R02:money:daily,,,,,,,,,,,,,,
R02:money:summary,,,,,,,,,,,,,,
R02:love:hook,,,,,,,,,,,,,,
R02:love:daily,,,,,,,,,,,,,,
R02:love:summary,,,,,,,,,,,,,,
R02:people:hook,,,,,,,,,,,,,,
R02:people:daily,,,,,,,,,,,,,,
R02:people:summary,,,,,,,,,,,,,,
R02:dir:hook,,,,,,,,,,,,,,
R02:dir:daily,,,,,,,,,,,,,,
R02:dir:summary,,,,,,,,,,,,,,
R02:health:hook,,,,,,,,,,,,,,
R02:health:daily,,,,,,,,,,,,,,
R02:health:summary,,,,,,,,,,,,,,
R03:work:hook,,,,,,,,,,,,,,
R03:work:daily,,,,,,,,,,,,,,
R03:work:summary,,,,,,,,,,,,,,
R03:money:hook,,,,,,,,,,,,,,
R03:money:daily,,,,,,,,,,,,,,
R03:money:summary,,,,,,,,,,,,,,
R03:love:hook,,,,,,,,,,,,,,
R03:love:daily,,,,,,,,,,,,,,
R03:love:summary,,,,,,,,,,,,,,
R03:people:hook,,,,,,,,,,,,,,
R03:people:daily,,,,,,,,,,,,,,
R03:people:summary,,,,,,,,,,,,,,
R03:dir:hook,,,,,,,,,,,,,,
R03:dir:daily,,,,,,,,,,,,,,
R03:dir:summary,,,,,,,,,,,,,,
R03:health:hook,,,,,,,,,,,,,,
R03:health:daily,,,,,,,,,,,,,,
R03:health:summary,,,,,,,,,,,,,,
R04:work:hook,,,,,,,,,,,,,,
R04:work:daily,,,,,,,,,,,,,,
R04:work:summary,,,,,,,,,,,,,,
R04:money:hook,,,,,,,,,,,,,,
R04:money:daily,,,,,,,,,,,,,,
R04:money:summary,,,,,,,,,,,,,,
R04:love:hook,,,,,,,,,,,,,,
R04:love:daily,,,,,,,,,,,,,,
R04:love:summary,,,,,,,,,,,,,,
R04:people:hook,,,,,,,,,,,,,,
R04:people:daily,,,,,,,,,,,,,,
R04:people:summary,,,,,,,,,,,,,,
R04:dir:hook,,,,,,,,,,,,,,
R04:dir:daily,,,,,,,,,,,,,,
R04:dir:summary,,,,,,,,,,,,,,
R04:health:hook,,,,,,,,,,,,,,
R04:health:daily,,,,,,,,,,,,,,
R04:health:summary,,,,,,,,,,,,,,
R05:work:hook,,,,,,,,,,,,,,
R05:work:daily,,,,,,,,,,,,,,
R05:work:summary,,,,,,,,,,,,,,
R05:money:hook,,,,,,,,,,,,,,
R05:money:daily,,,,,,,,,,,,,,
R05:money:summary,,,,,,,,,,,,,,
R05:love:hook,,,,,,,,,,,,,,
R05:love:daily,,,,,,,,,,,,,,
R05:love:summary,,,,,,,,,,,,,,
R05:people:hook,,,,,,,,,,,,,,
R05:people:daily,,,,,,,,,,,,,,
R05:people:summary,,,,,,,,,,,,,,
R05:dir:hook,,,,,,,,,,,,,,
R05:dir:daily,,,,,,,,,,,,,,
R05:dir:summary,,,,,,,,,,,,,,
R05:health:hook,,,,,,,,,,,,,,
R05:health:daily,,,,,,,,,,,,,,
R05:health:summary,,,,,,,,,,,,,,
R06:work:hook,,,,,,,,,,,,,,
R06:work:daily,,,,,,,,,,,,,,
R06:work:summary,,,,,,,,,,,,,,
R06:money:hook,,,,,,,,,,,,,,
R06:money:daily,,,,,,,,,,,,,,
R06:money:summary,,,,,,,,,,,,,,
R06:love:hook,,,,,,,,,,,,,,
R06:love:daily,,,,,,,,,,,,,,
R06:love:summary,,,,,,,,,,,,,,
R06:people:hook,,,,,,,,,,,,,,
R06:people:daily,,,,,,,,,,,,,,
R06:people:summary,,,,,,,,,,,,,,
R06:dir:hook,,,,,,,,,,,,,,
R06:dir:daily,,,,,,,,,,,,,,
R06:dir:summary,,,,,,,,,,,,,,
R06:health:hook,,,,,,,,,,,,,,
R06:health:daily,,,,,,,,,,,,,,
R06:health:summary,,,,,,,,,,,,,,
R07:work:hook,,,,,,,,,,,,,,
R07:work:daily,,,,,,,,,,,,,,
R07:work:summary,,,,,,,,,,,,,,
R07:money:hook,,,,,,,,,,,,,,
R07:money:daily,,,,,,,,,,,,,,
R07:money:summary,,,,,,,,,,,,,,
R07:love:hook,,,,,,,,,,,,,,
R07:love:daily,,,,,,,,,,,,,,
R07:love:summary,,,,,,,,,,,,,,
R07:people:hook,,,,,,,,,,,,,,
R07:people:daily,,,,,,,,,,,,,,
R07:people:summary,,,,,,,,,,,,,,
R07:dir:hook,,,,,,,,,,,,,,
R07:dir:daily,,,,,,,,,,,,,,
R07:dir:summary,,,,,,,,,,,,,,
R07:health:hook,,,,,,,,,,,,,,
R07:health:daily,,,,,,,,,,,,,,
R07:health:summary,,,,,,,,,,,,,,
R08:work:hook,,,,,,,,,,,,,,
R08:work:daily,,,,,,,,,,,,,,
R08:work:summary,,,,,,,,,,,,,,
R08:money:hook,,,,,,,,,,,,,,
R08:money:daily,,,,,,,,,,,,,,
R08:money:summary,,,,,,,,,,,,,,
R08:love:hook,,,,,,,,,,,,,,
R08:love:daily,,,,,,,,,,,,,,
R08:love:summary,,,,,,,,,,,,,,
R08:people:hook,,,,,,,,,,,,,,
R08:people:daily,,,,,,,,,,,,,,
R08:people:summary,,,,,,,,,,,,,,
R08:dir:hook,,,,,,,,,,,,,,
R08:dir:daily,,,,,,,,,,,,,,
R08:dir:summary,,,,,,,,,,,,,,
R08:health:hook,,,,,,,,,,,,,,
R08:health:daily,,,,,,,,,,,,,,
R08:health:summary,,,,,,,,,,,,,,
R09:work:hook,,,,,,,,,,,,,,
R09:work:daily,,,,,,,,,,,,,,
R09:work:summary,,,,,,,,,,,,,,
R09:money:hook,,,,,,,,,,,,,,
R09:money:daily,,,,,,,,,,,,,,
R09:money:summary,,,,,,,,,,,,,,
R09:love:hook,,,,,,,,,,,,,,
R09:love:daily,,,,,,,,,,,,,,
R09:love:summary,,,,,,,,,,,,,,
R09:people:hook,,,,,,,,,,,,,,
R09:people:daily,,,,,,,,,,,,,,
R09:people:summary,,,,,,,,,,,,,,
R09:dir:hook,,,,,,,,,,,,,,
R09:dir:daily,,,,,,,,,,,,,,
R09:dir:summary,,,,,,,,,,,,,,
R09:health:hook,,,,,,,,,,,,,,
R09:health:daily,,,,,,,,,,,,,,
R09:health:summary,,,,,,,,,,,,,,
R10:work:hook,,,,,,,,,,,,,,
R10:work:daily,,,,,,,,,,,,,,
R10:work:summary,,,,,,,,,,,,,,
R10:money:hook,,,,,,,,,,,,,,
R10:money:daily,,,,,,,,,,,,,,
R10:money:summary,,,,,,,,,,,,,,
R10:love:hook,,,,,,,,,,,,,,
R10:love:daily,,,,,,,,,,,,,,
R10:love:summary,,,,,,,,,,,,,,
R10:people:hook,,,,,,,,,,,,,,
R10:people:daily,,,,,,,,,,,,,,
R10:people:summary,,,,,,,,,,,,,,
R10:dir:hook,,,,,,,,,,,,,,
R10:dir:daily,,,,,,,,,,,,,,
R10:dir:summary,,,,,,,,,,,,,,
R10:health:hook,,,,,,,,,,,,,,
R10:health:daily,,,,,,,,,,,,,,
R10:health:summary,,,,,,,,,,,,,,
R11:work:hook,,,,,,,,,,,,,,
R11:work:daily,,,,,,,,,,,,,,
R11:work:summary,,,,,,,,,,,,,,
R11:money:hook,,,,,,,,,,,,,,
R11:money:daily,,,,,,,,,,,,,,
R11:money:summary,,,,,,,,,,,,,,
R11:love:hook,,,,,,,,,,,,,,
R11:love:daily,,,,,,,,,,,,,,
R11:love:summary,,,,,,,,,,,,,,
R11:people:hook,,,,,,,,,,,,,,
R11:people:daily,,,,,,,,,,,,,,
R11:people:summary,,,,,,,,,,,,,,
R11:dir:hook,,,,,,,,,,,,,,
R11:dir:daily,,,,,,,,,,,,,,
R11:dir:summary,,,,,,,,,,,,,,
R11:health:hook,,,,,,,,,,,,,,
R11:health:daily,,,,,,,,,,,,,,
R11:health:summary,,,,,,,,,,,,,,
R12:work:hook,,,,,,,,,,,,,,
R12:work:daily,,,,,,,,,,,,,,
R12:work:summary,,,,,,,,,,,,,,
R12:money:hook,,,,,,,,,,,,,,
R12:money:daily,,,,,,,,,,,,,,
R12:money:summary,,,,,,,,,,,,,,
R12:love:hook,,,,,,,,,,,,,,
R12:love:daily,,,,,,,,,,,,,,
R12:love:summary,,,,,,,,,,,,,,
R12:people:hook,,,,,,,,,,,,,,
R12:people:daily,,,,,,,,,,,,,,
R12:people:summary,,,,,,,,,,,,,,
R12:dir:hook,,,,,,,,,,,,,,
R12:dir:daily,,,,,,,,,,,,,,
R12:dir:summary,,,,,,,,,,,,,,
R12:health:hook,,,,,,,,,,,,,,
R12:health:daily,,,,,,,,,,,,,,
R12:health:summary,,,,,,,,,,,,,,
R13:work:hook,,,,,,,,,,,,,,
R13:work:daily,,,,,,,,,,,,,,
R13:work:summary,,,,,,,,,,,,,,
R13:money:hook,,,,,,,,,,,,,,
R13:money:daily,,,,,,,,,,,,,,
R13:money:summary,,,,,,,,,,,,,,
R13:love:hook,,,,,,,,,,,,,,
R13:love:daily,,,,,,,,,,,,,,
R13:love:summary,,,,,,,,,,,,,,
R13:people:hook,,,,,,,,,,,,,,
R13:people:daily,,,,,,,,,,,,,,
R13:people:summary,,,,,,,,,,,,,,
R13:dir:hook,,,,,,,,,,,,,,
R13:dir:daily,,,,,,,,,,,,,,
R13:dir:summary,,,,,,,,,,,,,,
R13:health:hook,,,,,,,,,,,,,,
R13:health:daily,,,,,,,,,,,,,,
R13:health:summary,,,,,,,,,,,,,,
R14:work:hook,,,,,,,,,,,,,,
R14:work:daily,,,,,,,,,,,,,,
R14:work:summary,,,,,,,,,,,,,,
R14:money:hook,,,,,,,,,,,,,,
R14:money:daily,,,,,,,,,,,,,,
R14:money:summary,,,,,,,,,,,,,,
R14:love:hook,,,,,,,,,,,,,,
R14:love:daily,,,,,,,,,,,,,,
R14:love:summary,,,,,,,,,,,,,,
R14:people:hook,,,,,,,,,,,,,,
R14:people:daily,,,,,,,,,,,,,,
R14:people:summary,,,,,,,,,,,,,,
R14:dir:hook,,,,,,,,,,,,,,
R14:dir:daily,,,,,,,,,,,,,,
R14:dir:summary,,,,,,,,,,,,,,
R14:health:hook,,,,,,,,,,,,,,
R14:health:daily,,,,,,,,,,,,,,
R14:health:summary,,,,,,,,,,,,,,
R15:work:hook,,,,,,,,,,,,,,
R15:work:daily,,,,,,,,,,,,,,
R15:work:summary,,,,,,,,,,,,,,
R15:money:hook,,,,,,,,,,,,,,
R15:money:daily,,,,,,,,,,,,,,
R15:money:summary,,,,,,,,,,,,,,
R15:love:hook,,,,,,,,,,,,,,
R15:love:daily,,,,,,,,,,,,,,
R15:love:summary,,,,,,,,,,,,,,
R15:people:hook,,,,,,,,,,,,,,
R15:people:daily,,,,,,,,,,,,,,
R15:people:summary,,,,,,,,,,,,,,
R15:dir:hook,,,,,,,,,,,,,,
R15:dir:daily,,,,,,,,,,,,,,
R15:dir:summary,,,,,,,,,,,,,,
R15:health:hook,,,,,,,,,,,,,,
R15:health:daily,,,,,,,,,,,,,,
R15:health:summary,,,,,,,,,,,,,,
R16:work:hook,,,,,,,,,,,,,,
R16:work:daily,,,,,,,,,,,,,,
R16:work:summary,,,,,,,,,,,,,,
R16:money:hook,,,,,,,,,,,,,,
R16:money:daily,,,,,,,,,,,,,,
R16:money:summary,,,,,,,,,,,,,,
R16:love:hook,,,,,,,,,,,,,,
R16:love:daily,,,,,,,,,,,,,,
R16:love:summary,,,,,,,,,,,,,,
R16:people:hook,,,,,,,,,,,,,,
R16:people:daily,,,,,,,,,,,,,,
R16:people:summary,,,,,,,,,,,,,,
R16:dir:hook,,,,,,,,,,,,,,
R16:dir:daily,,,,,,,,,,,,,,
R16:dir:summary,,,,,,,,,,,,,,
R16:health:hook,,,,,,,,,,,,,,
R16:health:daily,,,,,,,,,,,,,,
R16:health:summary,,,,,,,,,,,,,,
R17:work:hook,,,,,,,,,,,,,,
R17:work:daily,,,,,,,,,,,,,,
R17:work:summary,,,,,,,,,,,,,,
R17:money:hook,,,,,,,,,,,,,,
R17:money:daily,,,,,,,,,,,,,,
R17:money:summary,,,,,,,,,,,,,,
R17:love:hook,,,,,,,,,,,,,,
R17:love:daily,,,,,,,,,,,,,,
R17:love:summary,,,,,,,,,,,,,,
R17:people:hook,,,,,,,,,,,,,,
R17:people:daily,,,,,,,,,,,,,,
R17:people:summary,,,,,,,,,,,,,,
R17:dir:hook,,,,,,,,,,,,,,
R17:dir:daily,,,,,,,,,,,,,,
R17:dir:summary,,,,,,,,,,,,,,
R17:health:hook,,,,,,,,,,,,,,
R17:health:daily,,,,,,,,,,,,,,
R17:health:summary,,,,,,,,,,,,,,
R18:work:hook,,,,,,,,,,,,,,
R18:work:daily,,,,,,,,,,,,,,
R18:work:summary,,,,,,,,,,,,,,
R18:money:hook,,,,,,,,,,,,,,
R18:money:daily,,,,,,,,,,,,,,
R18:money:summary,,,,,,,,,,,,,,
R18:love:hook,,,,,,,,,,,,,,
R18:love:daily,,,,,,,,,,,,,,
R18:love:summary,,,,,,,,,,,,,,
R18:people:hook,,,,,,,,,,,,,,
R18:people:daily,,,,,,,,,,,,,,
R18:people:summary,,,,,,,,,,,,,,
R18:dir:hook,,,,,,,,,,,,,,
R18:dir:daily,,,,,,,,,,,,,,
R18:dir:summary,,,,,,,,,,,,,,
R18:health:hook,,,,,,,,,,,,,,
R18:health:daily,,,,,,,,,,,,,,
R18:health:summary,,,,,,,,,,,,,,
R19:work:hook,,,,,,,,,,,,,,
R19:work:daily,,,,,,,,,,,,,,
R19:work:summary,,,,,,,,,,,,,,
R19:money:hook,,,,,,,,,,,,,,
R19:money:daily,,,,,,,,,,,,,,
R19:money:summary,,,,,,,,,,,,,,
R19:love:hook,,,,,,,,,,,,,,
R19:love:daily,,,,,,,,,,,,,,
R19:love:summary,,,,,,,,,,,,,,
R19:people:hook,,,,,,,,,,,,,,
R19:people:daily,,,,,,,,,,,,,,
R19:people:summary,,,,,,,,,,,,,,
R19:dir:hook,,,,,,,,,,,,,,
R19:dir:daily,,,,,,,,,,,,,,
R19:dir:summary,,,,,,,,,,,,,,
R19:health:hook,,,,,,,,,,,,,,
R19:health:daily,,,,,,,,,,,,,,
R19:health:summary,,,,,,,,,,,,,,
R20:work:hook,,,,,,,,,,,,,,
R20:work:daily,,,,,,,,,,,,,,
R20:work:summary,,,,,,,,,,,,,,
R20:money:hook,,,,,,,,,,,,,,
R20:money:daily,,,,,,,,,,,,,,
R20:money:summary,,,,,,,,,,,,,,
R20:love:hook,,,,,,,,,,,,,,
R20:love:daily,,,,,,,,,,,,,,
R20:love:summary,,,,,,,,,,,,,,
R20:people:hook,,,,,,,,,,,,,,
R20:people:daily,,,,,,,,,,,,,,
R20:people:summary,,,,,,,,,,,,,,
R20:dir:hook,,,,,,,,,,,,,,
R20:dir:daily,,,,,,,,,,,,,,
R20:dir:summary,,,,,,,,,,,,,,
R20:health:hook,,,,,,,,,,,,,,
R20:health:daily,,,,,,,,,,,,,,
R20:health:summary,,,,,,,,,,,,,,
R21:work:hook,,,,,,,,,,,,,,
R21:work:daily,,,,,,,,,,,,,,
R21:work:summary,,,,,,,,,,,,,,
R21:money:hook,,,,,,,,,,,,,,
R21:money:daily,,,,,,,,,,,,,,
R21:money:summary,,,,,,,,,,,,,,
R21:love:hook,,,,,,,,,,,,,,
R21:love:daily,,,,,,,,,,,,,,
R21:love:summary,,,,,,,,,,,,,,
R21:people:hook,,,,,,,,,,,,,,
R21:people:daily,,,,,,,,,,,,,,
R21:people:summary,,,,,,,,,,,,,,
R21:dir:hook,,,,,,,,,,,,,,
R21:dir:daily,,,,,,,,,,,,,,
R21:dir:summary,,,,,,,,,,,,,,
R21:health:hook,,,,,,,,,,,,,,
R21:health:daily,,,,,,,,,,,,,,
R21:health:summary,,,,,,,,,,,,,,
R22:work:hook,,,,,,,,,,,,,,
R22:work:daily,,,,,,,,,,,,,,
R22:work:summary,,,,,,,,,,,,,,
R22:money:hook,,,,,,,,,,,,,,
R22:money:daily,,,,,,,,,,,,,,
R22:money:summary,,,,,,,,,,,,,,
R22:love:hook,,,,,,,,,,,,,,
R22:love:daily,,,,,,,,,,,,,,
R22:love:summary,,,,,,,,,,,,,,
R22:people:hook,,,,,,,,,,,,,,
R22:people:daily,,,,,,,,,,,,,,
R22:people:summary,,,,,,,,,,,,,,
R22:dir:hook,,,,,,,,,,,,,,
R22:dir:daily,,,,,,,,,,,,,,
R22:dir:summary,,,,,,,,,,,,,,
R22:health:hook,,,,,,,,,,,,,,
R22:health:daily,,,,,,,,,,,,,,
R22:health:summary,,,,,,,,,,,,,,
R23:work:hook,,,,,,,,,,,,,,
R23:work:daily,,,,,,,,,,,,,,
R23:work:summary,,,,,,,,,,,,,,
R23:money:hook,,,,,,,,,,,,,,
R23:money:daily,,,,,,,,,,,,,,
R23:money:summary,,,,,,,,,,,,,,
R23:love:hook,,,,,,,,,,,,,,
R23:love:daily,,,,,,,,,,,,,,
R23:love:summary,,,,,,,,,,,,,,
R23:people:hook,,,,,,,,,,,,,,
R23:people:daily,,,,,,,,,,,,,,
R23:people:summary,,,,,,,,,,,,,,
R23:dir:hook,,,,,,,,,,,,,,
R23:dir:daily,,,,,,,,,,,,,,
R23:dir:summary,,,,,,,,,,,,,,
R23:health:hook,,,,,,,,,,,,,,
R23:health:daily,,,,,,,,,,,,,,
R23:health:summary,,,,,,,,,,,,,,
R24:work:hook,,,,,,,,,,,,,,
R24:work:daily,,,,,,,,,,,,,,
R24:work:summary,,,,,,,,,,,,,,
R24:money:hook,,,,,,,,,,,,,,
R24:money:daily,,,,,,,,,,,,,,
R24:money:summary,,,,,,,,,,,,,,
R24:love:hook,,,,,,,,,,,,,,
R24:love:daily,,,,,,,,,,,,,,
R24:love:summary,,,,,,,,,,,,,,
R24:people:hook,,,,,,,,,,,,,,
R24:people:daily,,,,,,,,,,,,,,
R24:people:summary,,,,,,,,,,,,,,
R24:dir:hook,,,,,,,,,,,,,,
R24:dir:daily,,,,,,,,,,,,,,
R24:dir:summary,,,,,,,,,,,,,,
R24:health:hook,,,,,,,,,,,,,,
R24:health:daily,,,,,,,,,,,,,,
R24:health:summary,,,,,,,,,,,,,,
R25:work:hook,,,,,,,,,,,,,,
R25:work:daily,,,,,,,,,,,,,,
R25:work:summary,,,,,,,,,,,,,,
R25:money:hook,,,,,,,,,,,,,,
R25:money:daily,,,,,,,,,,,,,,
R25:money:summary,,,,,,,,,,,,,,
R25:love:hook,,,,,,,,,,,,,,
R25:love:daily,,,,,,,,,,,,,,
R25:love:summary,,,,,,,,,,,,,,
R25:people:hook,,,,,,,,,,,,,,
R25:people:daily,,,,,,,,,,,,,,
R25:people:summary,,,,,,,,,,,,,,
R25:dir:hook,,,,,,,,,,,,,,
R25:dir:daily,,,,,,,,,,,,,,
R25:dir:summary,,,,,,,,,,,,,,
R25:health:hook,,,,,,,,,,,,,,
R25:health:daily,,,,,,,,,,,,,,
R25:health:summary,,,,,,,,,,,,,,
R26:work:hook,,,,,,,,,,,,,,
R26:work:daily,,,,,,,,,,,,,,
R26:work:summary,,,,,,,,,,,,,,
R26:money:hook,,,,,,,,,,,,,,
R26:money:daily,,,,,,,,,,,,,,
R26:money:summary,,,,,,,,,,,,,,
R26:love:hook,,,,,,,,,,,,,,
R26:love:daily,,,,,,,,,,,,,,
R26:love:summary,,,,,,,,,,,,,,
R26:people:hook,,,,,,,,,,,,,,
R26:people:daily,,,,,,,,,,,,,,
R26:people:summary,,,,,,,,,,,,,,
R26:dir:hook,,,,,,,,,,,,,,
R26:dir:daily,,,,,,,,,,,,,,
R26:dir:summary,,,,,,,,,,,,,,
R26:health:hook,,,,,,,,,,,,,,
R26:health:daily,,,,,,,,,,,,,,
R26:health:summary,,,,,,,,,,,,,,
R27:work:hook,,,,,,,,,,,,,,
R27:work:daily,,,,,,,,,,,,,,
R27:work:summary,,,,,,,,,,,,,,
R27:money:hook,,,,,,,,,,,,,,
R27:money:daily,,,,,,,,,,,,,,
R27:money:summary,,,,,,,,,,,,,,
R27:love:hook,,,,,,,,,,,,,,
R27:love:daily,,,,,,,,,,,,,,
R27:love:summary,,,,,,,,,,,,,,
R27:people:hook,,,,,,,,,,,,,,
R27:people:daily,,,,,,,,,,,,,,
R27:people:summary,,,,,,,,,,,,,,
R27:dir:hook,,,,,,,,,,,,,,
R27:dir:daily,,,,,,,,,,,,,,
R27:dir:summary,,,,,,,,,,,,,,
R27:health:hook,,,,,,,,,,,,,,
R27:health:daily,,,,,,,,,,,,,,
R27:health:summary,,,,,,,,,,,,,,
R28:work:hook,,,,,,,,,,,,,,
R28:work:daily,,,,,,,,,,,,,,
R28:work:summary,,,,,,,,,,,,,,
R28:money:hook,,,,,,,,,,,,,,
R28:money:daily,,,,,,,,,,,,,,
R28:money:summary,,,,,,,,,,,,,,
R28:love:hook,,,,,,,,,,,,,,
R28:love:daily,,,,,,,,,,,,,,
R28:love:summary,,,,,,,,,,,,,,
R28:people:hook,,,,,,,,,,,,,,
R28:people:daily,,,,,,,,,,,,,,
R28:people:summary,,,,,,,,,,,,,,
R28:dir:hook,,,,,,,,,,,,,,
R28:dir:daily,,,,,,,,,,,,,,
R28:dir:summary,,,,,,,,,,,,,,
R28:health:hook,,,,,,,,,,,,,,
R28:health:daily,,,,,,,,,,,,,,
R28:health:summary,,,,,,,,,,,,,,
R29:work:hook,,,,,,,,,,,,,,
R29:work:daily,,,,,,,,,,,,,,
R29:work:summary,,,,,,,,,,,,,,
R29:money:hook,,,,,,,,,,,,,,
R29:money:daily,,,,,,,,,,,,,,
R29:money:summary,,,,,,,,,,,,,,
R29:love:hook,,,,,,,,,,,,,,
R29:love:daily,,,,,,,,,,,,,,
R29:love:summary,,,,,,,,,,,,,,
R29:people:hook,,,,,,,,,,,,,,
R29:people:daily,,,,,,,,,,,,,,
R29:people:summary,,,,,,,,,,,,,,
R29:dir:hook,,,,,,,,,,,,,,
R29:dir:daily,,,,,,,,,,,,,,
R29:dir:summary,,,,,,,,,,,,,,
R29:health:hook,,,,,,,,,,,,,,
R29:health:daily,,,,,,,,,,,,,,
R29:health:summary,,,,,,,,,,,,,,
R30:work:hook,,,,,,,,,,,,,,
R30:work:daily,,,,,,,,,,,,,,
R30:work:summary,,,,,,,,,,,,,,
R30:money:hook,,,,,,,,,,,,,,
R30:money:daily,,,,,,,,,,,,,,
R30:money:summary,,,,,,,,,,,,,,
R30:love:hook,,,,,,,,,,,,,,
R30:love:daily,,,,,,,,,,,,,,
R30:love:summary,,,,,,,,,,,,,,
R30:people:hook,,,,,,,,,,,,,,
R30:people:daily,,,,,,,,,,,,,,
R30:people:summary,,,,,,,,,,,,,,
R30:dir:hook,,,,,,,,,,,,,,
R30:dir:daily,,,,,,,,,,,,,,
R30:dir:summary,,,,,,,,,,,,,,
R30:health:hook,,,,,,,,,,,,,,
R30:health:daily,,,,,,,,,,,,,,
R30:health:summary,,,,,,,,,,,,,,
